年度,地區別,稻作類別,稻作品項,收穫面積,產量
"2022","嘉義市","水稻","秈糯稻(長糯)","0","0"
"2022","新竹市","水稻","秈糯稻(長糯)","0","0"
"2022","基隆市","水稻","秈糯稻(長糯)","0","0"
"2022","澎湖縣","水稻","秈糯稻(長糯)","0","0"
"2022","花蓮縣","水稻","秈糯稻(長糯)","130","447"
"2022","台東縣","水稻","秈糯稻(長糯)","0","0"
"2022","屏東縣","水稻","秈糯稻(長糯)","95","485"
"2022","嘉義縣","水稻","秈糯稻(長糯)","477","3017"
"2022","雲林縣","水稻","秈糯稻(長糯)","688","4385"
"2022","南投縣","水稻","秈糯稻(長糯)","40","246"
"2022","彰化縣","水稻","秈糯稻(長糯)","3388","18697"
"2022","苗栗縣","水稻","秈糯稻(長糯)","6","27"
"2022","新竹縣","水稻","秈糯稻(長糯)","0","0"
"2022","宜蘭縣","水稻","秈糯稻(長糯)","2","10"
"2022","高雄市","水稻","秈糯稻(長糯)","112","689"
"2022","台南市","水稻","秈糯稻(長糯)","1268","6961"
"2022","台中市","水稻","秈糯稻(長糯)","1","6"
"2022","桃園市","水稻","秈糯稻(長糯)","0","0"
"2022","台北市","水稻","秈糯稻(長糯)","0","0"
"2022","新北市","水稻","秈糯稻(長糯)","0","0"
"2022","嘉義市","水稻","軟秈稻(圓糯)","0","0"
"2022","新竹市","水稻","軟秈稻(圓糯)","0","0"
"2022","基隆市","水稻","軟秈稻(圓糯)","0","0"
"2022","澎湖縣","水稻","軟秈稻(圓糯)","0","0"
"2022","花蓮縣","水稻","軟秈稻(圓糯)","365","1371"
"2022","台東縣","水稻","軟秈稻(圓糯)","54","265"
"2022","屏東縣","水稻","軟秈稻(圓糯)","21","126"
"2022","嘉義縣","水稻","軟秈稻(圓糯)","228","1318"
"2022","雲林縣","水稻","軟秈稻(圓糯)","1835","10946"
"2022","南投縣","水稻","軟秈稻(圓糯)","2","8"
"2022","彰化縣","水稻","軟秈稻(圓糯)","136","772"
"2022","苗栗縣","水稻","軟秈稻(圓糯)","3","15"
"2022","新竹縣","水稻","軟秈稻(圓糯)","0","0"
"2022","宜蘭縣","水稻","軟秈稻(圓糯)","2800","15680"
"2022","高雄市","水稻","軟秈稻(圓糯)","52","341"
"2022","台南市","水稻","軟秈稻(圓糯)","356","1853"
"2022","台中市","水稻","軟秈稻(圓糯)","99","370"
"2022","桃園市","水稻","軟秈稻(圓糯)","0","0"
"2022","台北市","水稻","軟秈稻(圓糯)","0","0"
"2022","新北市","水稻","軟秈稻(圓糯)","0","0"
"2022","嘉義市","水稻","軟秈稻(秈稻)","0","0"
"2022","新竹市","水稻","軟秈稻(秈稻)","0","0"
"2022","基隆市","水稻","軟秈稻(秈稻)","0","0"
"2022","澎湖縣","水稻","軟秈稻(秈稻)","0","0"
"2022","花蓮縣","水稻","軟秈稻(秈稻)","730","2422"
"2022","台東縣","水稻","軟秈稻(秈稻)","0","0"
"2022","屏東縣","水稻","軟秈稻(秈稻)","0","0"
"2022","嘉義縣","水稻","軟秈稻(秈稻)","60","438"
"2022","雲林縣","水稻","軟秈稻(秈稻)","442","2146"
"2022","南投縣","水稻","軟秈稻(秈稻)","61","350"
"2022","彰化縣","水稻","軟秈稻(秈稻)","3981","23374"
"2022","苗栗縣","水稻","軟秈稻(秈稻)","42","196"
"2022","新竹縣","水稻","軟秈稻(秈稻)","0","0"
"2022","宜蘭縣","水稻","軟秈稻(秈稻)","667","3597"
"2022","高雄市","水稻","軟秈稻(秈稻)","106","674"
"2022","台南市","水稻","軟秈稻(秈稻)","422","2267"
"2022","台中市","水稻","軟秈稻(秈稻)","31","122"
"2022","桃園市","水稻","軟秈稻(秈稻)","0","0"
"2022","台北市","水稻","軟秈稻(秈稻)","0","0"
"2022","新北市","水稻","軟秈稻(秈稻)","0","0"
"2022","嘉義市","水稻","硬秈稻(在來)","170","1102"
"2022","新竹市","水稻","硬秈稻(在來)","0","0"
"2022","基隆市","水稻","硬秈稻(在來)","0","0"
"2022","澎湖縣","水稻","硬秈稻(在來)","0","0"
"2022","花蓮縣","水稻","硬秈稻(在來)","",""
"2022","台東縣","水稻","硬秈稻(在來)","0","0"
"2022","屏東縣","水稻","硬秈稻(在來)","316","1814"
"2022","嘉義縣","水稻","硬秈稻(在來)","352","2206"
"2022","雲林縣","水稻","硬秈稻(在來)","180","1218"
"2022","南投縣","水稻","硬秈稻(在來)","0","0"
"2022","苗栗縣","水稻","硬秈稻(在來)","13","62"
"2022","新竹縣","水稻","硬秈稻(在來)","0","0"
"2022","宜蘭縣","水稻","硬秈稻(在來)","0","0"
"2022","高雄市","水稻","硬秈稻(在來)","33","194"
"2022","台南市","水稻","硬秈稻(在來)","20","80"
"2022","台中市","水稻","硬秈稻(在來)","7","30"
"2022","桃園市","水稻","硬秈稻(在來)","2","6"
"2022","台北市","水稻","硬秈稻(在來)","0","0"
"2022","新北市","水稻","硬秈稻(在來)","0","0"
"2022","嘉義市","水稻","稉稻(蓬萊)","1127","6352"
"2022","新竹市","水稻","稉稻(蓬萊)","613","3024"
"2022","基隆市","水稻","稉稻(蓬萊)","0","0"
"2022","澎湖縣","水稻","稉稻(蓬萊)","0","0"
"2022","花蓮縣","水稻","稉稻(蓬萊)","16646","72044"
"2022","台東縣","水稻","稉稻(蓬萊)","12762","62346"
"2022","屏東縣","水稻","稉稻(蓬萊)","6385","37232"
"2022","嘉義縣","水稻","稉稻(蓬萊)","21180","127949"
"2022","雲林縣","水稻","稉稻(蓬萊)","39031","244110"
"2022","南投縣","水稻","稉稻(蓬萊)","3982","24996"
"2022","彰化縣","水稻","稉稻(蓬萊)","39529","232898"
"2022","苗栗縣","水稻","稉稻(蓬萊)","8309","38853"
"2022","新竹縣","水稻","稉稻(蓬萊)","5651","26891"
"2022","宜蘭縣","水稻","稉稻(蓬萊)","10451","55622"
"2022","高雄市","水稻","稉稻(蓬萊)","4965","30558"
"2022","台南市","水稻","稉稻(蓬萊)","12470","77330"
"2022","台中市","水稻","稉稻(蓬萊)","16044","84035"
"2022","桃園市","水稻","稉稻(蓬萊)","7083","29004"
"2022","台北市","水稻","稉稻(蓬萊)","452","1759"
"2022","新北市","水稻","稉稻(蓬萊)","112","475"
"2021","台中市","水稻","硬秈稻(在來)","3","7"
"2021","花蓮縣","水稻","軟秈稻(秈稻)","365","1223"
"2021","花蓮縣","水稻","稉糯稻(圓糯)","185","542"
"2021","台東縣","水稻","稉糯稻(圓糯)","26","116"
"2021","嘉義縣","水稻","稉糯稻(圓糯)","100","506"
"2021","嘉義縣","水稻","硬秈稻(在來)","101","612"
"2021","雲林縣","水稻","軟秈稻(秈稻)","17","76"
"2021","雲林縣","水稻","稉糯稻(圓糯)","856","4009"
"2021","彰化縣","水稻","軟秈稻(秈稻)","1016","5329"
"2021","彰化縣","水稻","稉糯稻(圓糯)","67","326"
"2021","彰化縣","水稻","硬秈稻(在來)","42","198"
"2021","苗栗縣","水稻","軟秈稻(秈稻)","40","186"
"2021","苗栗縣","水稻","稉糯稻(圓糯)","2","10"
"2021","苗栗縣","水稻","硬秈稻(在來)","12","56"
"2021","台南市","水稻","軟秈稻(秈稻)","11","45"
"2021","台南市","水稻","稉糯稻(圓糯)","214","1079"
"2021","台南市","水稻","硬秈稻(在來)","11","45"
"2021","台中市","水稻","軟秈稻(秈稻)","18","57"
"2021","台中市","水稻","稉糯稻(圓糯)","96","356"
"2021","嘉義市","水稻","秈糯稻(長糯)","0","0"
"2021","新竹市","水稻","秈糯稻(長糯)","0","0"
"2021","基隆市","水稻","秈糯稻(長糯)","0","0"
"2021","澎湖縣","水稻","秈糯稻(長糯)","0","0"
"2021","花蓮縣","水稻","秈糯稻(長糯)","130","447"
"2021","台東縣","水稻","秈糯稻(長糯)","0","0"
"2021","屏東縣","水稻","秈糯稻(長糯)","95","485"
"2021","嘉義縣","水稻","秈糯稻(長糯)","477","3017"
"2021","雲林縣","水稻","秈糯稻(長糯)","688","4385"
"2021","南投縣","水稻","秈糯稻(長糯)","40","236"
"2021","彰化縣","水稻","秈糯稻(長糯)","3388","18697"
"2021","苗栗縣","水稻","秈糯稻(長糯)","6","27"
"2021","新竹縣","水稻","秈糯稻(長糯)","0","0"
"2021","宜蘭縣","水稻","秈糯稻(長糯)","2","10"
"2021","高雄市","水稻","秈糯稻(長糯)","112","689"
"2021","台南市","水稻","秈糯稻(長糯)","1268","6961"
"2021","台中市","水稻","秈糯稻(長糯)","1","6"
"2021","桃園市","水稻","秈糯稻(長糯)","0","0"
"2021","台北市","水稻","秈糯稻(長糯)","0","0"
"2021","新北市","水稻","秈糯稻(長糯)","0","0"
"2021","嘉義市","水稻","稉糯稻(秈稻)","0","0"
"2021","新竹市","水稻","稉糯稻(秈稻)","0","0"
"2021","基隆市","水稻","稉糯稻(秈稻)","0","0"
"2021","澎湖縣","水稻","稉糯稻(秈稻)","0","0"
"2021","花蓮縣","水稻","稉糯稻(秈稻)","730","2422"
"2021","台東縣","水稻","稉糯稻(秈稻)","0","0"
"2021","屏東縣","水稻","稉糯稻(秈稻)","0","0"
"2021","嘉義縣","水稻","稉糯稻(秈稻)","60","438"
"2021","雲林縣","水稻","稉糯稻(秈稻)","442","2146"
"2021","南投縣","水稻","稉糯稻(秈稻)","61","350"
"2021","彰化縣","水稻","稉糯稻(秈稻)","3981","23374"
"2021","苗栗縣","水稻","稉糯稻(秈稻)","42","196"
"2021","新竹縣","水稻","稉糯稻(秈稻)","0","0"
"2021","宜蘭縣","水稻","稉糯稻(秈稻)","667","3597"
"2021","高雄市","水稻","稉糯稻(秈稻)","106","674"
"2021","台南市","水稻","稉糯稻(秈稻)","422","2267"
"2021","台中市","水稻","稉糯稻(秈稻)","31","122"
"2021","桃園市","水稻","稉糯稻(秈稻)","0","0"
"2021","台北市","水稻","稉糯稻(秈稻)","0","0"
"2021","新北市","水稻","稉糯稻(秈稻)","0","0"
"2021","嘉義市","水稻","軟秈稻(圓糯)","0","0"
"2021","新竹市","水稻","軟秈稻(圓糯)","0","0"
"2021","基隆市","水稻","軟秈稻(圓糯)","0","0"
"2021","澎湖縣","水稻","軟秈稻(圓糯)","0","0"
"2021","花蓮縣","水稻","軟秈稻(圓糯)","365","1371"
"2021","台東縣","水稻","軟秈稻(圓糯)","54","1371"
"2021","屏東縣","水稻","軟秈稻(圓糯)","21","126"
"2021","嘉義縣","水稻","軟秈稻(圓糯)","228","1318"
"2021","雲林縣","水稻","軟秈稻(圓糯)","1835","10946"
"2021","南投縣","水稻","軟秈稻(圓糯)","2","8"
"2021","彰化縣","水稻","軟秈稻(圓糯)","136","772"
"2021","苗栗縣","水稻","軟秈稻(圓糯)","3","15"
"2021","新竹縣","水稻","軟秈稻(圓糯)","0","0"
"2021","宜蘭縣","水稻","軟秈稻(圓糯)","156","860"
"2021","高雄市","水稻","軟秈稻(圓糯)","52","341"
"2021","台南市","水稻","軟秈稻(圓糯)","356","1853"
"2021","台中市","水稻","軟秈稻(圓糯)","99","370"
"2021","桃園市","水稻","軟秈稻(圓糯)","0","0"
"2021","台北市","水稻","軟秈稻(圓糯)","0","0"
"2021","新北市","水稻","軟秈稻(圓糯)","0","0"
"2021","嘉義市","水稻","硬秈稻(在來)","170","1102"
"2021","新竹市","水稻","硬秈稻(在來)","0","0"
"2021","基隆市","水稻","硬秈稻(在來)","0","0"
"2021","澎湖縣","水稻","硬秈稻(在來)","0","0"
"2021","花蓮縣","水稻","硬秈稻(在來)","2","7"
"2021","台東縣","水稻","硬秈稻(在來)","0","0"
"2021","屏東縣","水稻","硬秈稻(在來)","316","1814"
"2021","雲林縣","水稻","硬秈稻(在來)","180","1218"
"2021","南投縣","水稻","硬秈稻(在來)","0","0"
"2021","新竹縣","水稻","硬秈稻(在來)","0","0"
"2021","宜蘭縣","水稻","硬秈稻(在來)","0","0"
"2021","高雄市","水稻","硬秈稻(在來)","33","194"
"2021","桃園市","水稻","硬秈稻(在來)","2","6"
"2021","台北市","水稻","硬秈稻(在來)","0","0"
"2021","新北市","水稻","硬秈稻(在來)","0","0"
"2021","嘉義市","水稻","稉稻(蓬萊)","1127","6352"
"2021","新竹市","水稻","稉稻(蓬萊)","613","3024"
"2021","基隆市","水稻","稉稻(蓬萊)","0","0"
"2021","澎湖縣","水稻","稉稻(蓬萊)","0","0"
"2021","花蓮縣","水稻","稉稻(蓬萊)","16646","72044"
"2021","台東縣","水稻","稉稻(蓬萊)","12672","62346"
"2021","屏東縣","水稻","稉稻(蓬萊)","6385","37232"
"2021","嘉義縣","水稻","稉稻(蓬萊)","21180","127949"
"2021","雲林縣","水稻","稉稻(蓬萊)","39031","244110"
"2021","南投縣","水稻","稉稻(蓬萊)","3982","24996"
"2021","彰化縣","水稻","稉稻(蓬萊)","39529","232898"
"2021","苗栗縣","水稻","稉稻(蓬萊)","8309","38853"
"2021","新竹縣","水稻","稉稻(蓬萊)","5651","26891"
"2021","宜蘭縣","水稻","稉稻(蓬萊)","10451","55622"
"2021","高雄市","水稻","稉稻(蓬萊)","4965","30558"
"2021","台南市","水稻","稉稻(蓬萊)","12470","67580"
"2021","台中市","水稻","稉稻(蓬萊)","16044","84035"
"2021","桃園市","水稻","稉稻(蓬萊)","7083","29004"
"2021","台北市","水稻","稉稻(蓬萊)","452","1759"
"2021","新北市","水稻","稉稻(蓬萊)","112","475"
"2020","嘉義市","水稻","秈糯稻(長糯)","0","0"
"2020","新竹市","水稻","秈糯稻(長糯)","0","0"
"2020","基隆市","水稻","秈糯稻(長糯)","0","0"
"2020","澎湖縣","水稻","秈糯稻(長糯)","0","0"
"2020","花蓮縣","水稻","秈糯稻(長糯)","117","315"
"2020","台東縣","水稻","秈糯稻(長糯)","0","0"
"2020","屏東縣","水稻","秈糯稻(長糯)","200","1196"
"2020","嘉義縣","水稻","秈糯稻(長糯)","356","1885"
"2020","雲林縣","水稻","秈糯稻(長糯)","1038","5622"
"2020","南投縣","水稻","秈糯稻(長糯)","0","0"
"2020","彰化縣","水稻","秈糯稻(長糯)","3447","18689"
"2020","苗栗縣","水稻","秈糯稻(長糯)","23","116"
"2020","新竹縣","水稻","秈糯稻(長糯)","0","0"
"2020","桃園市","水稻","秈糯稻(長糯)","10","42"
"2020","宜蘭縣","水稻","秈糯稻(長糯)","2","11"
"2020","高雄市","水稻","秈糯稻(長糯)","83","487"
"2020","台南市","水稻","秈糯稻(長糯)","1815","8685"
"2020","台中市","水稻","秈糯稻(長糯)","2","11"
"2020","台北市","水稻","秈糯稻(長糯)","0","0"
"2020","新北市","水稻","秈糯稻(長糯)","0","0"
"2020","嘉義市","水稻","稉糯稻(秈稻)","0","0"
"2020","新竹市","水稻","稉糯稻(秈稻)","0","0"
"2020","基隆市","水稻","稉糯稻(秈稻)","0","0"
"2020","澎湖縣","水稻","稉糯稻(秈稻)","0","0"
"2020","花蓮縣","水稻","稉糯稻(秈稻)","734","2257"
"2020","台東縣","水稻","稉糯稻(秈稻)","0","0"
"2020","屏東縣","水稻","稉糯稻(秈稻)","0","0"
"2020","嘉義縣","水稻","稉糯稻(秈稻)","82","567"
"2020","雲林縣","水稻","稉糯稻(秈稻)","417","2173"
"2020","南投縣","水稻","稉糯稻(秈稻)","89","489"
"2020","彰化縣","水稻","稉糯稻(秈稻)","3993","22590"
"2020","苗栗縣","水稻","稉糯稻(秈稻)","86","459"
"2020","新竹縣","水稻","稉糯稻(秈稻)","40","49"
"2020","桃園市","水稻","稉糯稻(秈稻)","84","358"
"2020","宜蘭縣","水稻","稉糯稻(秈稻)","934","4513"
"2020","高雄市","水稻","稉糯稻(秈稻)","22","122"
"2020","台南市","水稻","稉糯稻(秈稻)","544","2689"
"2020","台中市","水稻","稉糯稻(秈稻)","67","316"
"2020","台北市","水稻","稉糯稻(秈稻)","0","0"
"2020","新北市","水稻","稉糯稻(秈稻)","0","0"
"2020","嘉義市","水稻","軟秈稻(圓糯)","0","0"
"2020","新竹市","水稻","軟秈稻(圓糯)","0","0"
"2020","基隆市","水稻","軟秈稻(圓糯)","0","0"
"2020","澎湖縣","水稻","軟秈稻(圓糯)","0","0"
"2020","花蓮縣","水稻","軟秈稻(圓糯)","401","1433"
"2020","台東縣","水稻","軟秈稻(圓糯)","107","427"
"2020","屏東縣","水稻","軟秈稻(圓糯)","0","0"
"2020","嘉義縣","水稻","軟秈稻(圓糯)","231","1315"
"2020","雲林縣","水稻","軟秈稻(圓糯)","1877","10457"
"2020","南投縣","水稻","軟秈稻(圓糯)","0","0"
"2020","彰化縣","水稻","軟秈稻(圓糯)","162","947"
"2020","苗栗縣","水稻","軟秈稻(圓糯)","40","221"
"2020","新竹縣","水稻","軟秈稻(圓糯)","0","0"
"2020","桃園市","水稻","軟秈稻(圓糯)","28","123"
"2020","宜蘭縣","水稻","軟秈稻(圓糯)","172","854"
"2020","高雄市","水稻","軟秈稻(圓糯)","0","0"
"2020","台南市","水稻","軟秈稻(圓糯)","758","3979"
"2020","台中市","水稻","軟秈稻(圓糯)","299","15887"
"2020","台北市","水稻","軟秈稻(圓糯)","0","0"
"2020","新北市","水稻","軟秈稻(圓糯)","0","0"
"2020","嘉義市","水稻","硬秈稻(在來)","268","1302.225"
"2020","新竹市","水稻","硬秈稻(在來)","0","0"
"2020","基隆市","水稻","硬秈稻(在來)","0","0"
"2020","澎湖縣","水稻","硬秈稻(在來)","0","0"
"2020","花蓮縣","水稻","硬秈稻(在來)","2","7"
"2020","台東縣","水稻","硬秈稻(在來)","0","0"
"2020","屏東縣","水稻","硬秈稻(在來)","299","1794"
"2020","南投縣","水稻","硬秈稻(在來)","0","0"
"2020","新竹縣","水稻","硬秈稻(在來)","0","0"
"2020","桃園市","水稻","硬秈稻(在來)","12","52"
"2020","宜蘭縣","水稻","硬秈稻(在來)","0","0"
"2020","高雄市","水稻","硬秈稻(在來)","29","227"
"2020","台北市","水稻","硬秈稻(在來)","0","0"
"2020","新北市","水稻","硬秈稻(在來)","0","0"
"2020","嘉義市","水稻","稉稻(蓬萊)","1176","6533"
"2020","新竹市","水稻","稉稻(蓬萊)","1208","5860"
"2020","基隆市","水稻","稉稻(蓬萊)","0","0"
"2020","澎湖縣","水稻","稉稻(蓬萊)","0","0"
"2020","花蓮縣","水稻","稉稻(蓬萊)","16872","66160"
"2020","台東縣","水稻","稉稻(蓬萊)","12954","56816"
"2020","屏東縣","水稻","稉稻(蓬萊)","6043","35370"
"2020","嘉義縣","水稻","稉稻(蓬萊)","30342","177851"
"2020","雲林縣","水稻","稉稻(蓬萊)","30342","176851"
"2020","南投縣","水稻","稉稻(蓬萊)","4195","24390"
"2020","彰化縣","水稻","稉稻(蓬萊)","40020","237513"
"2020","苗栗縣","水稻","稉稻(蓬萊)","10404","53776"
"2020","新竹縣","水稻","稉稻(蓬萊)","7164","29838"
"2020","桃園市","水稻","稉稻(蓬萊)","13856","58686"
"2020","宜蘭縣","水稻","稉稻(蓬萊)","10013","50116"
"2020","高雄市","水稻","稉稻(蓬萊)","4836","29612"
"2020","台南市","水稻","稉稻(蓬萊)","20711","108607"
"2020","台中市","水稻","稉稻(蓬萊)","23836","121564"
"2020","台北市","水稻","稉稻(蓬萊)","458","1549"
"2020","新北市","水稻","稉稻(蓬萊)","153","667"
"2019","嘉義市","水稻","秈糯稻(長糯)","6","32.565"
"2019","新竹市","水稻","秈糯稻(長糯)","0","0"
"2019","基隆市","水稻","秈糯稻(長糯)","0","0"
"2019","澎湖縣","水稻","秈糯稻(長糯)","0","0"
"2019","花蓮縣","水稻","秈糯稻(長糯)","80","331"
"2019","台東縣","水稻","秈糯稻(長糯)","0","0"
"2019","屏東縣","水稻","秈糯稻(長糯)","0","0"
"2019","嘉義縣","水稻","秈糯稻(長糯)","216","1096"
"2019","雲林縣","水稻","秈糯稻(長糯)","1036","5984"
"2019","南投縣","水稻","秈糯稻(長糯)","0","0"
"2019","彰化縣","水稻","秈糯稻(長糯)","3201","16197"
"2019","苗栗縣","水稻","秈糯稻(長糯)","23","97"
"2019","新竹縣","水稻","秈糯稻(長糯)","0","0"
"2019","桃園市","水稻","秈糯稻(長糯)","15","58"
"2019","宜蘭縣","水稻","秈糯稻(長糯)","3","12"
"2019","高雄市","水稻","秈糯稻(長糯)","53","254"
"2019","台南市","水稻","秈糯稻(長糯)","1673","6995"
"2019","台中市","水稻","秈糯稻(長糯)","1","6"
"2019","台北市","水稻","秈糯稻(長糯)","0","0"
"2019","新北市","水稻","秈糯稻(長糯)","0","0"
"2019","嘉義市","水稻","稉糯稻(秈稻)","47","230.45"
"2019","新竹市","水稻","稉糯稻(秈稻)","0","0"
"2019","基隆市","水稻","稉糯稻(秈稻)","0","0"
"2019","澎湖縣","水稻","稉糯稻(秈稻)","0","0"
"2019","花蓮縣","水稻","稉糯稻(秈稻)","369","1965.765"
"2019","台東縣","水稻","稉糯稻(秈稻)","0","0"
"2019","屏東縣","水稻","稉糯稻(秈稻)","0","0"
"2019","嘉義縣","水稻","稉糯稻(秈稻)","230","1345"
"2019","雲林縣","水稻","稉糯稻(秈稻)","531","2889"
"2019","南投縣","水稻","稉糯稻(秈稻)","83","407"
"2019","彰化縣","水稻","稉糯稻(秈稻)","4302","21875"
"2019","苗栗縣","水稻","稉糯稻(秈稻)","95","457"
"2019","新竹縣","水稻","稉糯稻(秈稻)","34","137"
"2019","桃園縣","水稻","稉糯稻(秈稻)","954","4300"
"2019","宜蘭縣","水稻","稉糯稻(秈稻)","954","4300"
"2019","高雄市","水稻","稉糯稻(秈稻)","119","615"
"2019","台南市","水稻","稉糯稻(秈稻)","668","3670"
"2019","台中市","水稻","稉糯稻(秈稻)","69","263"
"2019","台北市","水稻","稉糯稻(秈稻)","0","0"
"2019","新北市","水稻","稉糯稻(秈稻)","0","0"
"2019","嘉義市","水稻","軟秈稻(圓糯)","0","0"
"2019","新竹市","水稻","軟秈稻(圓糯)","0","0"
"2019","基隆市","水稻","軟秈稻(圓糯)","0","0"
"2019","澎湖縣","水稻","軟秈稻(圓糯)","0","0"
"2019","花蓮縣","水稻","軟秈稻(圓糯)","369","1773"
"2019","台東縣","水稻","軟秈稻(圓糯)","105","330"
"2019","屏東縣","水稻","軟秈稻(圓糯)","200","1296"
"2019","嘉義縣","水稻","軟秈稻(圓糯)","152","849"
"2019","雲林縣","水稻","軟秈稻(圓糯)","2065","12313"
"2019","南投縣","水稻","軟秈稻(圓糯)","0","0"
"2019","彰化縣","水稻","軟秈稻(圓糯)","222","1198"
"2019","苗栗縣","水稻","軟秈稻(圓糯)","41","207"
"2019","新竹縣","水稻","軟秈稻(圓糯)","0","0"
"2019","桃園縣","水稻","軟秈稻(圓糯)","270","1287"
"2019","宜蘭縣","水稻","軟秈稻(圓糯)","3421","19254"
"2019","高雄市","水稻","軟秈稻(圓糯)","0","0"
"2019","台南市","水稻","軟秈稻(圓糯)","782","4078"
"2019","台中市","水稻","軟秈稻(圓糯)","303","1447"
"2019","台北市","水稻","軟秈稻(圓糯)","0","0"
"2019","新北市","水稻","軟秈稻(圓糯)","0","0"
"2019","嘉義市","水稻","硬秈稻(在來)","268","1302.225"
"2019","新竹市","水稻","硬秈稻(在來)","0","0"
"2019","基隆市","水稻","硬秈稻(在來)","0","0"
"2019","澎湖縣","水稻","硬秈稻(在來)","0","0"
"2019","花蓮縣","水稻","硬秈稻(在來)","0","0"
"2019","台東縣","水稻","硬秈稻(在來)","274","1733"
"2019","屏東縣","水稻","硬秈稻(在來)","360","2009"
"2019","南投縣","水稻","硬秈稻(在來)","0","0"
"2019","新竹縣","水稻","硬秈稻(在來)","4","27"
"2019","桃園市","水稻","硬秈稻(在來)","84","375"
"2019","宜蘭縣","水稻","硬秈稻(在來)","4","18"
"2019","高雄市","水稻","硬秈稻(在來)","36","187"
"2019","台北市","水稻","硬秈稻(在來)","0","0"
"2019","新北市","水稻","硬秈稻(在來)","0","0"
"2019","嘉義市","水稻","稉稻(蓬萊)","1200","6600"
"2019","新竹市","水稻","稉稻(蓬萊)","1192","5798"
"2019","基隆市","水稻","稉稻(蓬萊)","0","0"
"2019","澎湖縣","水稻","稉稻(蓬萊)","0","0"
"2019","花蓮縣","水稻","稉稻(蓬萊)","16874","76931"
"2019","台東縣","水稻","稉稻(蓬萊)","12618","58546"
"2019","屏東縣","水稻","稉稻(蓬萊)","6153","36058"
"2019","嘉義縣","水稻","稉稻(蓬萊)","30384","177628"
"2019","雲林縣","水稻","稉稻(蓬萊)","40916","246085"
"2019","南投縣","水稻","稉稻(蓬萊)","4444","25110"
"2019","彰化縣","水稻","稉稻(蓬萊)","40665","227870"
"2019","苗栗縣","水稻","稉稻(蓬萊)","11078","54532"
"2019","新竹縣","水稻","稉稻(蓬萊)","7452","33536"
"2019","桃園市","水稻","稉稻(蓬萊)","16934","69803"
"2019","宜蘭縣","水稻","稉稻(蓬萊)","9961","46599"
"2019","高雄市","水稻","稉稻(蓬萊)","4946","27565"
"2019","台南市","水稻","稉稻(蓬萊)","20932","116352"
"2019","台中市","水稻","稉稻(蓬萊)","24053","113803"
"2019","台北市","水稻","稉稻(蓬萊)","468","1504"
"2019","新北市","水稻","稉稻(蓬萊)","24980","1324967"
"2019","台中市","水稻","硬秈稻(在來)","47","213"
"2019","花蓮縣","水稻","軟秈稻(秈稻)","714","2827"
"2019","花蓮縣","水稻","稉糯稻(圓糯)","369","1773"
"2019","台東縣","水稻","稉糯稻(圓糯)","105","330"
"2019","嘉義縣","水稻","稉糯稻(圓糯)","152","849"
"2019","嘉義縣","水稻","硬秈稻(在來)","360","2009"
"2019","雲林縣","水稻","軟秈稻(秈稻)","531","2889"
"2019","雲林縣","水稻","稉糯稻(圓糯)","2065","12313"
"2019","雲林縣","水稻","硬秈稻(在來)","286","1693"
"2019","彰化縣","水稻","軟秈稻(秈稻)","4302","21875"
"2019","彰化縣","水稻","稉糯稻(圓糯)","222","1198"
"2019","彰化縣","水稻","硬秈稻(在來)","118","634"
"2019","苗栗縣","水稻","軟秈稻(秈稻)","95","457"
"2019","苗栗縣","水稻","稉糯稻(圓糯)","41","207"
"2019","苗栗縣","水稻","硬秈稻(在來)","10","45"
"2019","台南市","水稻","軟秈稻(秈稻)","668","3670"
"2019","台南市","水稻","稉糯稻(圓糯)","782","4078"
"2019","台南市","水稻","硬秈稻(在來)","21","61"
"2019","台中市","水稻","軟秈稻(秈稻)","69","263"
"2019","台中市","水稻","稉糯稻(圓糯)","303","1447"
"2020","台中市","水稻","硬秈稻(在來)","3","7"
"2020","花蓮縣","水稻","軟秈稻(秈稻)","42","115"
"2020","花蓮縣","水稻","稉糯稻(圓糯)","210","699"
"2020","台東縣","水稻","稉糯稻(圓糯)","64","276"
"2020","嘉義縣","水稻","稉糯稻(圓糯)","80","387"
"2020","嘉義縣","水稻","硬秈稻(在來)","17","91"
"2020","雲林縣","水稻","軟秈稻(秈稻)","344","1609"
"2020","雲林縣","水稻","稉糯稻(圓糯)","988","5179"
"2020","雲林縣","水稻","硬秈稻(在來)","87","460"
"2020","彰化縣","水稻","軟秈稻(秈稻)","1407","7103"
"2020","彰化縣","水稻","稉糯稻(圓糯)","48","272"
"2020","彰化縣","水稻","硬秈稻(在來)","42","229"
"2020","苗栗縣","水稻","軟秈稻(秈稻)","20","100"
"2020","苗栗縣","水稻","稉糯稻(圓糯)","12","59"
"2020","苗栗縣","水稻","硬秈稻(在來)","8","39"
"2020","台南市","水稻","軟秈稻(秈稻)","10","33"
"2020","台南市","水稻","稉糯稻(圓糯)","185","955"
"2020","台南市","水稻","硬秈稻(在來)","11","32"
"2020","台中市","水稻","軟秈稻(秈稻)","1","3"
"2020","台中市","水稻","稉糯稻(圓糯)","123","602"
"2018","嘉義市","水稻","秈糯稻(長糯)","0","0"
"2018","新竹市","水稻","秈糯稻(長糯)","0","0"
"2018","基隆市","水稻","秈糯稻(長糯)","0","0"
"2018","澎湖縣","水稻","秈糯稻(長糯)","0","0"
"2018","花蓮縣","水稻","秈糯稻(長糯)","86.5","408.422"
"2018","台東縣","水稻","秈糯稻(長糯)","0","0"
"2018","屏東縣","水稻","秈糯稻(長糯)","32","197.959"
"2018","嘉義縣","水稻","秈糯稻(長糯)","266.5","1748.783"
"2018","雲林縣","水稻","秈糯稻(長糯)","689.86","4271.301"
"2018","南投縣","水稻","秈糯稻(長糯)","0","0"
"2018","彰化縣","水稻","秈糯稻(長糯)","2126.98","14166.692"
"2018","苗栗縣","水稻","秈糯稻(長糯)","3","18.448"
"2018","新竹縣","水稻","秈糯稻(長糯)","0","0"
"2018","宜蘭縣","水稻","秈糯稻(長糯)","2.5","12.465"
"2018","高雄市","水稻","秈糯稻(長糯)","31.86","201.544"
"2018","台南市","水稻","秈糯稻(長糯)","1652.61","10049.678"
"2018","台中市","水稻","秈糯稻(長糯)","0.8","5.157"
"2018","桃園市","水稻","秈糯稻(長糯)","5","23.206"
"2018","台北市","水稻","秈糯稻(長糯)","0","0"
"2018","新北市","水稻","秈糯稻(長糯)","0","0"
"2018","嘉義市","水稻","稉糯稻(圓糯)","0","0"
"2018","新竹市","水稻","稉糯稻(圓糯)","0","0"
"2018","基隆市","水稻","稉糯稻(圓糯)","0","0"
"2018","澎湖縣","水稻","稉糯稻(圓糯)","0","0"
"2018","花蓮縣","水稻","稉糯稻(圓糯)","174.35","868.561"
"2018","台東縣","水稻","稉糯稻(圓糯)","49","271.82"
"2018","屏東縣","水稻","稉糯稻(圓糯)","10","61.943"
"2018","嘉義縣","水稻","稉糯稻(圓糯)","51.8","357.824"
"2018","雲林縣","水稻","稉糯稻(圓糯)","1020","8878.353"
"2018","南投縣","水稻","稉糯稻(圓糯)","2","13.055"
"2018","彰化縣","水稻","稉糯稻(圓糯)","107","720.842"
"2018","苗栗縣","水稻","稉糯稻(圓糯)","30","184.989"
"2018","新竹縣","水稻","稉糯稻(圓糯)","0","0"
"2018","宜蘭縣","水稻","稉糯稻(圓糯)","250","1407.309"
"2018","高雄市","水稻","稉糯稻(圓糯)","0","0"
"2018","台南市","水稻","稉糯稻(圓糯)","613.53","3645.692"
"2018","台中市","水稻","稉糯稻(圓糯)","165.5","1075.508"
"2018","桃園市","水稻","稉糯稻(圓糯)","0","0"
"2018","台北市","水稻","稉糯稻(圓糯)","0","0"
"2018","新北市","水稻","稉糯稻(圓糯)","0.01","0.046"
"2018","嘉義市","水稻","軟秈稻(秈稻)","0","0"
"2018","新竹市","水稻","軟秈稻(秈稻)","0","0"
"2018","基隆市","水稻","軟秈稻(秈稻)","0","0"
"2018","澎湖縣","水稻","軟秈稻(秈稻)","0","0"
"2018","花蓮縣","水稻","軟秈稻(秈稻)","373","1721.672"
"2018","台東縣","水稻","軟秈稻(秈稻)","0","0"
"2018","屏東縣","水稻","軟秈稻(秈稻)","0","0"
"2018","嘉義縣","水稻","軟秈稻(秈稻)","2","13.516"
"2018","雲林縣","水稻","軟秈稻(秈稻)","541.65","2962.384"
"2018","南投縣","水稻","軟秈稻(秈稻)","78.29","484.643"
"2018","彰化縣","水稻","軟秈稻(秈稻)","3942.63","23704.035"
"2018","苗栗縣","水稻","軟秈稻(秈稻)","60","368.927"
"2018","新竹縣","水稻","軟秈稻(秈稻)","30","135.189"
"2018","宜蘭縣","水稻","軟秈稻(秈稻)","670.1","3585.816"
"2018","高雄市","水稻","軟秈稻(秈稻)","107.7","623.352"
"2018","台南市","水稻","軟秈稻(秈稻)","680.5","4117.397"
"2018","台中市","水稻","軟秈稻(秈稻)","53","329.386"
"2018","桃園市","水稻","軟秈稻(秈稻)","198","1046.822"
"2018","台北市","水稻","軟秈稻(秈稻)","0","0"
"2018","新北市","水稻","軟秈稻(秈稻)","0","0"
"2018","嘉義市","水稻","硬秈稻(在來)","143.4","1044.239"
"2018","新竹市","水稻","硬秈稻(在來)","0","0"
"2018","基隆市","水稻","硬秈稻(在來)","0","0"
"2018","澎湖縣","水稻","硬秈稻(在來)","0","0"
"2018","花蓮縣","水稻","硬秈稻(在來)","0","0"
"2018","台東縣","水稻","硬秈稻(在來)","0","0"
"2018","屏東縣","水稻","硬秈稻(在來)","536","3068.045"
"2018","嘉義縣","水稻","硬秈稻(在來)","281.94","1923.138"
"2018","雲林縣","水稻","硬秈稻(在來)","162.91","1096.209"
"2018","南投縣","水稻","硬秈稻(在來)","0","0"
"2018","彰化縣","水稻","硬秈稻(在來)","59","364.883"
"2018","苗栗縣","水稻","硬秈稻(在來)","4","24.447"
"2018","新竹縣","水稻","硬秈稻(在來)","0","0"
"2018","宜蘭縣","水稻","硬秈稻(在來)","0","0"
"2018","高雄市","水稻","硬秈稻(在來)","2","11.926"
"2018","台南市","水稻","硬秈稻(在來)","7.25","41.449"
"2018","台中市","水稻","硬秈稻(在來)","27","169.766"
"2018","桃園市","水稻","硬秈稻(在來)","80","451.642"
"2018","台北市","水稻","硬秈稻(在來)","0","0"
"2018","新北市","水稻","硬秈稻(在來)","0","0"
"2018","嘉義市","水稻","稉稻(蓬萊)","569","3715.001"
"2018","新竹市","水稻","稉稻(蓬萊)","639","3942.311"
"2018","基隆市","水稻","稉稻(蓬萊)","0","0"
"2018","澎湖縣","水稻","稉稻(蓬萊)","0","0"
"2018","花蓮縣","水稻","稉稻(蓬萊)","8668.4","43084.647"
"2018","台東縣","水稻","稉稻(蓬萊)","6500.62","34727.636"
"2018","屏東縣","水稻","稉稻(蓬萊)","5135.75","32205.819"
"2018","嘉義縣","水稻","稉稻(蓬萊)","17744.65","121704.77"
"2018","雲林縣","水稻","稉稻(蓬萊)","27938.74","191239.515"
"2018","南投縣","水稻","稉稻(蓬萊)","2315.85","15284.027"
"2018","彰化縣","水稻","稉稻(蓬萊)","21489.49","148167.767"
"2018","苗栗縣","水稻","稉稻(蓬萊)","5417.74","32264.399"
"2018","新竹縣","水稻","稉稻(蓬萊)","4712.85","28372.421"
"2018","宜蘭縣","水稻","稉稻(蓬萊)","10265.09","55717.001"
"2018","高雄市","水稻","稉稻(蓬萊)","4661.72","28812.357"
"2018","台南市","水稻","稉稻(蓬萊)","11675.45","74441.209"
"2018","台中市","水稻","稉稻(蓬萊)","13042.72","83385.794"
"2018","桃園市","水稻","稉稻(蓬萊)","13213.6","69895.45"
"2018","台北市","水稻","稉稻(蓬萊)","240","1235.375"
"2018","新北市","水稻","稉稻(蓬萊)","147.4","710.769"
"2017","嘉義市","水稻","秈糯稻(長糯)","0","0"
"2017","新竹市","水稻","秈糯稻(長糯)","0","0"
"2017","基隆市","水稻","秈糯稻(長糯)","0","0"
"2017","澎湖縣","水稻","秈糯稻(長糯)","0","0"
"2017","花蓮縣","水稻","秈糯稻(長糯)","132.6","572.21"
"2017","台東縣","水稻","秈糯稻(長糯)","0","0"
"2017","屏東縣","水稻","秈糯稻(長糯)","206","1264.628"
"2017","嘉義縣","水稻","秈糯稻(長糯)","73","360.282"
"2017","雲林縣","水稻","秈糯稻(長糯)","1178.67","6820.533"
"2017","南投縣","水稻","秈糯稻(長糯)","0","0"
"2017","彰化縣","水稻","秈糯稻(長糯)","3909.38","20732.389"
"2017","苗栗縣","水稻","秈糯稻(長糯)","13.97","51.984"
"2017","新竹縣","水稻","秈糯稻(長糯)","0","0"
"2017","宜蘭縣","水稻","秈糯稻(長糯)","4.65","22.225"
"2017","高雄市","水稻","秈糯稻(長糯)","336.04","2052.037"
"2017","台南市","水稻","秈糯稻(長糯)","1575.5","9038.207"
"2017","台中市","水稻","秈糯稻(長糯)","0.8","4.957"
"2017","桃園市","水稻","秈糯稻(長糯)","3.15","12.642"
"2017","台北市","水稻","秈糯稻(長糯)","0","0"
"2017","新北市","水稻","秈糯稻(長糯)","0","0"
"2017","嘉義市","水稻","稉糯稻(圓糯)","29","161.034"
"2017","新竹市","水稻","稉糯稻(圓糯)","0","0"
"2017","基隆市","水稻","稉糯稻(圓糯)","0","0"
"2017","澎湖縣","水稻","稉糯稻(圓糯)","0","0"
"2017","花蓮縣","水稻","稉糯稻(圓糯)","528.5","2118.97"
"2017","台東縣","水稻","稉糯稻(圓糯)","139","675.791"
"2017","屏東縣","水稻","稉糯稻(圓糯)","58","343.476"
"2017","嘉義縣","水稻","稉糯稻(圓糯)","172.5","876.867"
"2017","雲林縣","水稻","稉糯稻(圓糯)","2097.75","11357.657"
"2017","南投縣","水稻","稉糯稻(圓糯)","2","11.798"
"2017","彰化縣","水稻","稉糯稻(圓糯)","169.8","892.108"
"2017","苗栗縣","水稻","稉糯稻(圓糯)","16","67.312"
"2017","新竹縣","水稻","稉糯稻(圓糯)","0","0"
"2017","宜蘭縣","水稻","稉糯稻(圓糯)","295","1556.833"
"2017","高雄市","水稻","稉糯稻(圓糯)","0","0"
"2017","台南市","水稻","稉糯稻(圓糯)","849.5","4420.899"
"2017","台中市","水稻","稉糯稻(圓糯)","327.17","1530.794"
"2017","桃園市","水稻","稉糯稻(圓糯)","10","43.992"
"2017","台北市","水稻","稉糯稻(圓糯)","0","0"
"2017","新北市","水稻","稉糯稻(圓糯)","0.01","0.04"
"2017","嘉義市","水稻","軟秈稻(秈稻)","0","0"
"2017","新竹市","水稻","軟秈稻(秈稻)","0","0"
"2017","基隆市","水稻","軟秈稻(秈稻)","0","0"
"2017","澎湖縣","水稻","軟秈稻(秈稻)","0","0"
"2017","花蓮縣","水稻","軟秈稻(秈稻)","416.07","1918.623"
"2017","台東縣","水稻","軟秈稻(秈稻)","0","0"
"2017","屏東縣","水稻","軟秈稻(秈稻)","0","0"
"2017","嘉義縣","水稻","軟秈稻(秈稻)","13.5","73.882"
"2017","雲林縣","水稻","軟秈稻(秈稻)","518.8","2929.374"
"2017","南投縣","水稻","軟秈稻(秈稻)","105.37","589.422"
"2017","彰化縣","水稻","軟秈稻(秈稻)","5552.21","28655.948"
"2017","苗栗縣","水稻","軟秈稻(秈稻)","70.5","293.63"
"2017","新竹縣","水稻","軟秈稻(秈稻)","10","40.024"
"2017","宜蘭縣","水稻","軟秈稻(秈稻)","749","3692.523"
"2017","高雄市","水稻","軟秈稻(秈稻)","77.02","435.435"
"2017","台南市","水稻","軟秈稻(秈稻)","641.21","3796.075"
"2017","台中市","水稻","軟秈稻(秈稻)","103.7","447.808"
"2017","桃園市","水稻","軟秈稻(秈稻)","193.5","837.04"
"2017","台北市","水稻","軟秈稻(秈稻)","0","0"
"2017","新北市","水稻","軟秈稻(秈稻)","0","0"
"2017","嘉義市","水稻","硬秈稻(在來)","240","1248.694"
"2017","新竹市","水稻","硬秈稻(在來)","0","0"
"2017","基隆市","水稻","硬秈稻(在來)","0","0"
"2017","澎湖縣","水稻","硬秈稻(在來)","0","0"
"2017","花蓮縣","水稻","硬秈稻(在來)","0","0"
"2017","台東縣","水稻","硬秈稻(在來)","0","0"
"2017","屏東縣","水稻","硬秈稻(在來)","538","3309.874"
"2017","嘉義縣","水稻","硬秈稻(在來)","761.98","4013.62"
"2017","雲林縣","水稻","硬秈稻(在來)","247.3","1389.263"
"2017","南投縣","水稻","硬秈稻(在來)","0","0"
"2017","彰化縣","水稻","硬秈稻(在來)","72.14","397.258"
"2017","苗栗縣","水稻","硬秈稻(在來)","13.2","52.175"
"2017","新竹縣","水稻","硬秈稻(在來)","5","17.347"
"2017","宜蘭縣","水稻","硬秈稻(在來)","0","0"
"2017","高雄市","水稻","硬秈稻(在來)","34.5","203.637"
"2017","台南市","水稻","硬秈稻(在來)","27.3","130.028"
"2017","台中市","水稻","硬秈稻(在來)","57.8","247.552"
"2017","桃園市","水稻","硬秈稻(在來)","29","131.767"
"2017","台北市","水稻","硬秈稻(在來)","0","0"
"2017","新北市","水稻","硬秈稻(在來)","0","0"
"2017","嘉義市","水稻","稉稻(蓬萊)","1180.81","5769.776"
"2017","新竹市","水稻","稉稻(蓬萊)","1164.66","4836.132"
"2017","基隆市","水稻","稉稻(蓬萊)","0","0"
"2017","澎湖縣","水稻","稉稻(蓬萊)","0","0"
"2017","花蓮縣","水稻","稉稻(蓬萊)","16748.3","68623.459"
"2017","台東縣","水稻","稉稻(蓬萊)","12570.02","58290.491"
"2017","屏東縣","水稻","稉稻(蓬萊)","6193.73","35688.735"
"2017","嘉義縣","水稻","稉稻(蓬萊)","31714.88","166222.531"
"2017","雲林縣","水稻","稉稻(蓬萊)","41500.76","244053.169"
"2017","南投縣","水稻","稉稻(蓬萊)","4624.7","25439.062"
"2017","彰化縣","水稻","稉稻(蓬萊)","39085.07","206151.13"
"2017","苗栗縣","水稻","稉稻(蓬萊)","10628.71","47673.831"
"2017","新竹縣","水稻","稉稻(蓬萊)","7674.9","33120.995"
"2017","宜蘭縣","水稻","稉稻(蓬萊)","10169.02","50127.811"
"2017","高雄市","水稻","稉稻(蓬萊)","4617.96","27089.295"
"2017","台南市","水稻","稉稻(蓬萊)","21715.71","115727.836"
"2017","台中市","水稻","稉稻(蓬萊)","24754.23","118150.963"
"2017","桃園市","水稻","稉稻(蓬萊)","17103.1","67340.226"
"2017","台北市","水稻","稉稻(蓬萊)","475.64","1314.318"
"2017","新北市","水稻","稉稻(蓬萊)","150.03","610.551"
"2016","嘉義市","水稻","秈糯稻(長糯)","2","10.792"
"2016","新竹市","水稻","秈糯稻(長糯)","0","0"
"2016","基隆市","水稻","秈糯稻(長糯)","0","0"
"2016","澎湖縣","水稻","秈糯稻(長糯)","0","0"
"2016","花蓮縣","水稻","秈糯稻(長糯)","90","433.472"
"2016","台東縣","水稻","秈糯稻(長糯)","0","0"
"2016","屏東縣","水稻","秈糯稻(長糯)","252","1539.47"
"2016","嘉義縣","水稻","秈糯稻(長糯)","98.62","393.103"
"2016","雲林縣","水稻","秈糯稻(長糯)","1299.51","7269.287"
"2016","南投縣","水稻","秈糯稻(長糯)","38","147.602"
"2016","彰化縣","水稻","秈糯稻(長糯)","4095.83","18211.417"
"2016","苗栗縣","水稻","秈糯稻(長糯)","38","111.841"
"2016","新竹縣","水稻","秈糯稻(長糯)","0","0"
"2016","桃園縣","水稻","秈糯稻(長糯)","10","48.754"
"2016","宜蘭縣","水稻","秈糯稻(長糯)","340.07","1957.501"
"2016","高雄市","水稻","秈糯稻(長糯)","1505.21","8275.765"
"2016","台南市","水稻","秈糯稻(長糯)","0.8","4.972"
"2016","台中市","水稻","秈糯稻(長糯)","0","0"
"2016","台北市","水稻","秈糯稻(長糯)","0","0"
"2016","新北市","水稻","秈糯稻(長糯)","0","0"
"2016","嘉義市","水稻","稉糯稻(圓糯)","42","190.002"
"2016","新竹市","水稻","稉糯稻(圓糯)","0","0"
"2016","基隆市","水稻","稉糯稻(圓糯)","0","0"
"2016","澎湖縣","水稻","稉糯稻(圓糯)","0","0"
"2016","花蓮縣","水稻","稉糯稻(圓糯)","312","1274.172"
"2016","台東縣","水稻","稉糯稻(圓糯)","129","502.1"
"2016","屏東縣","水稻","稉糯稻(圓糯)","50.74","307.784"
"2016","嘉義縣","水稻","稉糯稻(圓糯)","210.2","740.768"
"2016","雲林縣","水稻","稉糯稻(圓糯)","2071.95","10173.897"
"2016","南投縣","水稻","稉糯稻(圓糯)","1","4.005"
"2016","彰化縣","水稻","稉糯稻(圓糯)","160.18","775.11"
"2016","苗栗縣","水稻","稉糯稻(圓糯)","15.5","64.393"
"2016","新竹縣","水稻","稉糯稻(圓糯)","5.28","21.779"
"2016","桃園縣","水稻","稉糯稻(圓糯)","285","1441.753"
"2016","宜蘭縣","水稻","稉糯稻(圓糯)","38","219.174"
"2016","高雄市","水稻","稉糯稻(圓糯)","925.07","4732.871"
"2016","台南市","水稻","稉糯稻(圓糯)","344.89","1597.387"
"2016","台中市","水稻","稉糯稻(圓糯)","8","35.549"
"2016","台北市","水稻","稉糯稻(圓糯)","0","0"
"2016","新北市","水稻","稉糯稻(圓糯)","0","0"
"2016","嘉義市","水稻","軟秈稻(秈稻)","0","0"
"2016","新竹市","水稻","軟秈稻(秈稻)","0","0"
"2016","基隆市","水稻","軟秈稻(秈稻)","0","0"
"2016","澎湖縣","水稻","軟秈稻(秈稻)","0","0"
"2016","花蓮縣","水稻","軟秈稻(秈稻)","373","1738.085"
"2016","台東縣","水稻","軟秈稻(秈稻)","0","0"
"2016","屏東縣","水稻","軟秈稻(秈稻)","0","0"
"2016","嘉義縣","水稻","軟秈稻(秈稻)","44.46","122.311"
"2016","雲林縣","水稻","軟秈稻(秈稻)","442.35","2413.211"
"2016","南投縣","水稻","軟秈稻(秈稻)","100.42","556.622"
"2016","彰化縣","水稻","軟秈稻(秈稻)","6189.02","29059.806"
"2016","苗栗縣","水稻","軟秈稻(秈稻)","55","252.755"
"2016","新竹縣","水稻","軟秈稻(秈稻)","4.09","16.87"
"2016","桃園縣","水稻","軟秈稻(秈稻)","867","4375.882"
"2016","宜蘭縣","水稻","軟秈稻(秈稻)","84.28","476.852"
"2016","高雄市","水稻","軟秈稻(秈稻)","627.99","3329.252"
"2016","台南市","水稻","軟秈稻(秈稻)","122.9","473.089"
"2016","台中市","水稻","軟秈稻(秈稻)","119.09","514.286"
"2016","台北市","水稻","軟秈稻(秈稻)","0","0"
"2016","新北市","水稻","軟秈稻(秈稻)","0","0"
"2016","嘉義市","水稻","硬秈稻(在來)","283","1165.337"
"2016","新竹市","水稻","硬秈稻(在來)","0","0"
"2016","基隆市","水稻","硬秈稻(在來)","0","0"
"2016","澎湖縣","水稻","硬秈稻(在來)","0","0"
"2016","花蓮縣","水稻","硬秈稻(在來)","0","0"
"2016","台東縣","水稻","硬秈稻(在來)","0","0"
"2016","屏東縣","水稻","硬秈稻(在來)","341","2092.527"
"2016","嘉義縣","水稻","硬秈稻(在來)","774.56","3497.194"
"2016","雲林縣","水稻","硬秈稻(在來)","250.33","1295.218"
"2016","南投縣","水稻","硬秈稻(在來)","0","0"
"2016","彰化縣","水稻","硬秈稻(在來)","38","173.249"
"2016","苗栗縣","水稻","硬秈稻(在來)","12.6","46.109"
"2016","新竹縣","水稻","硬秈稻(在來)","20.34","61.843"
"2016","桃園縣","水稻","硬秈稻(在來)","0","0"
"2016","宜蘭縣","水稻","硬秈稻(在來)","1.5","4.486"
"2016","高雄市","水稻","硬秈稻(在來)","42.87","181.925"
"2016","台南市","水稻","硬秈稻(在來)","64.3","266.341"
"2016","台中市","水稻","硬秈稻(在來)","17.5","75.601"
"2016","台北市","水稻","硬秈稻(在來)","0","0"
"2016","新北市","水稻","硬秈稻(在來)","0","0"
"2016","嘉義市","水稻","稉稻(蓬萊)","1102.75","4309.611"
"2016","新竹市","水稻","稉稻(蓬萊)","1132.62","5100.921"
"2016","基隆市","水稻","稉稻(蓬萊)","0","0"
"2016","澎湖縣","水稻","稉稻(蓬萊)","0","0"
"2016","花蓮縣","水稻","稉稻(蓬萊)","17026.36","68647.506"
"2016","台東縣","水稻","稉稻(蓬萊)","12579.91","52989.424"
"2016","屏東縣","水稻","稉稻(蓬萊)","6538.39","36687.641"
"2016","嘉義縣","水稻","稉稻(蓬萊)","31841.38","132357.483"
"2016","雲林縣","水稻","稉稻(蓬萊)","40371.92","220749.187"
"2016","南投縣","水稻","稉稻(蓬萊)","4415.48","21413.25"
"2016","彰化縣","水稻","稉稻(蓬萊)","38221.81","178072.76"
"2016","苗栗縣","水稻","稉稻(蓬萊)","11788.94","49711.848"
"2016","新竹縣","水稻","稉稻(蓬萊)","8127.96","33080.938"
"2016","桃園縣","水稻","稉稻(蓬萊)","10079.96","50586.165"
"2016","宜蘭縣","水稻","稉稻(蓬萊)","4681.35","25960.141"
"2016","高雄市","水稻","稉稻(蓬萊)","21382.53","101527.088"
"2016","台南市","水稻","稉稻(蓬萊)","25214.77","108314.41"
"2016","台中市","水稻","稉稻(蓬萊)","15451","59915.83"
"2016","台北市","水稻","稉稻(蓬萊)","475.55","1373.003"
"2016","新北市","水稻","稉稻(蓬萊)","159.53","657.593"
"2015","嘉義市","水稻","秈糯稻(長糯)","6","32.565"
"2015","新竹市","水稻","秈糯稻(長糯)","0","0"
"2015","基隆市","水稻","秈糯稻(長糯)","0","0"
"2015","澎湖縣","水稻","秈糯稻(長糯)","0","0"
"2015","花蓮縣","水稻","秈糯稻(長糯)","77.5","389.88"
"2015","台東縣","水稻","秈糯稻(長糯)","0","0"
"2015","屏東縣","水稻","秈糯稻(長糯)","86.8","525.551"
"2015","嘉義縣","水稻","秈糯稻(長糯)","164","855.28"
"2015","雲林縣","水稻","秈糯稻(長糯)","1245.02","6941.126"
"2015","南投縣","水稻","秈糯稻(長糯)","41.6","153.463"
"2015","彰化縣","水稻","秈糯稻(長糯)","3360.66","15458.824"
"2015","苗栗縣","水稻","秈糯稻(長糯)","4.2","13.093"
"2015","新竹縣","水稻","秈糯稻(長糯)","0","0"
"2015","桃園縣","水稻","秈糯稻(長糯)","16","88.35"
"2015","宜蘭縣","水稻","秈糯稻(長糯)","153.74","798.619"
"2015","高雄市","水稻","秈糯稻(長糯)","1517.48","8995.869"
"2015","台南市","水稻","秈糯稻(長糯)","0.8","3.568"
"2015","台中市","水稻","秈糯稻(長糯)","0","0"
"2015","台北市","水稻","秈糯稻(長糯)","0","0"
"2015","新北市","水稻","秈糯稻(長糯)","0","0"
"2015","嘉義市","水稻","稉糯稻(圓糯)","47","230.45"
"2015","新竹市","水稻","稉糯稻(圓糯)","0","0"
"2015","基隆市","水稻","稉糯稻(圓糯)","0","0"
"2015","澎湖縣","水稻","稉糯稻(圓糯)","0","0"
"2015","花蓮縣","水稻","稉糯稻(圓糯)","444.2","1965.765"
"2015","台東縣","水稻","稉糯稻(圓糯)","148.9","712.094"
"2015","屏東縣","水稻","稉糯稻(圓糯)","81.2","492.381"
"2015","嘉義縣","水稻","稉糯稻(圓糯)","226.3","1075.834"
"2015","雲林縣","水稻","稉糯稻(圓糯)","2265.94","12081.97"
"2015","南投縣","水稻","稉糯稻(圓糯)","4","20.824"
"2015","彰化縣","水稻","稉糯稻(圓糯)","193.46","1007.39"
"2015","苗栗縣","水稻","稉糯稻(圓糯)","20.2","85.512"
"2015","新竹縣","水稻","稉糯稻(圓糯)","0","0"
"2015","桃園縣","水稻","稉糯稻(圓糯)","271","1497.835"
"2015","宜蘭縣","水稻","稉糯稻(圓糯)","4.5","25.802"
"2015","高雄市","水稻","稉糯稻(圓糯)","897.26","4541.841"
"2015","台南市","水稻","稉糯稻(圓糯)","319.08","1485.472"
"2015","台中市","水稻","稉糯稻(圓糯)","0","0"
"2015","台北市","水稻","稉糯稻(圓糯)","0","0"
"2015","新北市","水稻","稉糯稻(圓糯)","0.01","0.045"
"2015","嘉義市","水稻","軟秈稻(秈稻)","0","0"
"2015","新竹市","水稻","軟秈稻(秈稻)","0","0"
"2015","基隆市","水稻","軟秈稻(秈稻)","0","0"
"2015","澎湖縣","水稻","軟秈稻(秈稻)","0","0"
"2015","花蓮縣","水稻","軟秈稻(秈稻)","275","1278.326"
"2015","台東縣","水稻","軟秈稻(秈稻)","0","0"
"2015","屏東縣","水稻","軟秈稻(秈稻)","0","0"
"2015","嘉義縣","水稻","軟秈稻(秈稻)","154.8","785.251"
"2015","雲林縣","水稻","軟秈稻(秈稻)","437.34","2521.089"
"2015","南投縣","水稻","軟秈稻(秈稻)","150.85","912.882"
"2015","彰化縣","水稻","軟秈稻(秈稻)","6512.82","30621.783"
"2015","苗栗縣","水稻","軟秈稻(秈稻)","19.4","81.486"
"2015","新竹縣","水稻","軟秈稻(秈稻)","0","0"
"2015","桃園縣","水稻","軟秈稻(秈稻)","890","4799.419"
"2015","宜蘭縣","水稻","軟秈稻(秈稻)","76.38","439.826"
"2015","高雄市","水稻","軟秈稻(秈稻)","572.2","3174.09"
"2015","台南市","水稻","軟秈稻(秈稻)","86.86","347.648"
"2015","台中市","水稻","軟秈稻(秈稻)","77.47","360.976"
"2015","台北市","水稻","軟秈稻(秈稻)","0","0"
"2015","新北市","水稻","軟秈稻(秈稻)","0","0"
"2015","嘉義市","水稻","硬秈稻(在來)","268","1302.225"
"2015","新竹市","水稻","硬秈稻(在來)","0","0"
"2015","基隆市","水稻","硬秈稻(在來)","0","0"
"2015","澎湖縣","水稻","硬秈稻(在來)","0","0"
"2015","花蓮縣","水稻","硬秈稻(在來)","27","89.422"
"2015","台東縣","水稻","硬秈稻(在來)","0","0"
"2015","屏東縣","水稻","硬秈稻(在來)","327","1998.502"
"2015","嘉義縣","水稻","硬秈稻(在來)","609.28","2890.851"
"2015","雲林縣","水稻","硬秈稻(在來)","357.45","1923.232"
"2015","南投縣","水稻","硬秈稻(在來)","0","0"
"2015","彰化縣","水稻","硬秈稻(在來)","336","1834.845"
"2015","苗栗縣","水稻","硬秈稻(在來)","8.6","37.447"
"2015","新竹縣","水稻","硬秈稻(在來)","0","0"
"2015","桃園縣","水稻","硬秈稻(在來)","0","0"
"2015","宜蘭縣","水稻","硬秈稻(在來)","12.63","52.472"
"2015","高雄市","水稻","硬秈稻(在來)","37.83","134.956"
"2015","台南市","水稻","硬秈稻(在來)","32.3","126.185"
"2015","台中市","水稻","硬秈稻(在來)","6","28.137"
"2015","台北市","水稻","硬秈稻(在來)","0","0"
"2015","新北市","水稻","硬秈稻(在來)","0","0"
"2015","嘉義市","水稻","稉稻(蓬萊)","1102.2","5127.976"
"2015","新竹市","水稻","稉稻(蓬萊)","653.01","2772.386"
"2015","基隆市","水稻","稉稻(蓬萊)","0","0"
"2015","澎湖縣","水稻","稉稻(蓬萊)","0","0"
"2015","花蓮縣","水稻","稉稻(蓬萊)","17032.44","76031.027"
"2015","台東縣","水稻","稉稻(蓬萊)","12366.24","64544.371"
"2015","屏東縣","水稻","稉稻(蓬萊)","6459.71","36323.589"
"2015","嘉義縣","水稻","稉稻(蓬萊)","25799.02","120213.341"
"2015","雲林縣","水稻","稉稻(蓬萊)","41083.01","233312.507"
"2015","南投縣","水稻","稉稻(蓬萊)","4557.469","22532.04"
"2015","彰化縣","水稻","稉稻(蓬萊)","38226.78","189426.458"
"2015","苗栗縣","水稻","稉稻(蓬萊)","8539.37","37199.446"
"2015","新竹縣","水稻","稉稻(蓬萊)","4762.99","20159.103"
"2015","桃園縣","水稻","稉稻(蓬萊)","9945.44","53752.466"
"2015","宜蘭縣","水稻","稉稻(蓬萊)","4989","28668.556"
"2015","高雄市","水稻","稉稻(蓬萊)","20793.4","107747.616"
"2015","台南市","水稻","稉稻(蓬萊)","24228.46","115588.071"
"2015","台中市","水稻","稉稻(蓬萊)","7856.82","29825.51"
"2015","台北市","水稻","稉稻(蓬萊)","478.21","1422.594"
"2015","新北市","水稻","稉稻(蓬萊)","115.32","494.368"
"2014","嘉義市","水稻","秈糯稻(長糯)","5","24.845"
"2014","新竹市","水稻","秈糯稻(長糯)","0","0"
"2014","基隆市","水稻","秈糯稻(長糯)","0","0"
"2014","澎湖縣","水稻","秈糯稻(長糯)","0","0"
"2014","花蓮縣","水稻","秈糯稻(長糯)","69","307.842"
"2014","台東縣","水稻","秈糯稻(長糯)","0","0"
"2014","屏東縣","水稻","秈糯稻(長糯)","91.2","531.729"
"2014","嘉義縣","水稻","秈糯稻(長糯)","203.8","1131.629"
"2014","雲林縣","水稻","秈糯稻(長糯)","1494.23","9132.556"
"2014","南投縣","水稻","秈糯稻(長糯)","53.63","267.222"
"2014","彰化縣","水稻","秈糯稻(長糯)","3676.08","19377.061"
"2014","苗栗縣","水稻","秈糯稻(長糯)","9.2","42.187"
"2014","新竹縣","水稻","秈糯稻(長糯)","0","0"
"2014","桃園縣","水稻","秈糯稻(長糯)","0","0"
"2014","宜蘭縣","水稻","秈糯稻(長糯)","11.5","56.35"
"2014","高雄市","水稻","秈糯稻(長糯)","294","1687.508"
"2014","台南市","水稻","秈糯稻(長糯)","1969.77","11058.148"
"2014","台中市","水稻","秈糯稻(長糯)","0.8","4.503"
"2014","台北市","水稻","秈糯稻(長糯)","0","0"
"2014","新北市","水稻","秈糯稻(長糯)","0","0"
"2014","嘉義市","水稻","稉糯稻(圓糯)","54","289.558"
"2014","新竹市","水稻","稉糯稻(圓糯)","0","0"
"2014","基隆市","水稻","稉糯稻(圓糯)","0","0"
"2014","澎湖縣","水稻","稉糯稻(圓糯)","0","0"
"2014","花蓮縣","水稻","稉糯稻(圓糯)","474","2123.222"
"2014","台東縣","水稻","稉糯稻(圓糯)","124","504.456"
"2014","屏東縣","水稻","稉糯稻(圓糯)","61.2","355.692"
"2014","嘉義縣","水稻","稉糯稻(圓糯)","236.3","1237.203"
"2014","雲林縣","水稻","稉糯稻(圓糯)","2343.5","13503.847"
"2014","南投縣","水稻","稉糯稻(圓糯)","3.01","16.468"
"2014","彰化縣","水稻","稉糯稻(圓糯)","185","1030.644"
"2014","苗栗縣","水稻","稉糯稻(圓糯)","15.2","68.422"
"2014","新竹縣","水稻","稉糯稻(圓糯)","0","0"
"2014","桃園縣","水稻","稉糯稻(圓糯)","0","0"
"2014","宜蘭縣","水稻","稉糯稻(圓糯)","244.5","1282.719"
"2014","高雄市","水稻","稉糯稻(圓糯)","0.1","0.547"
"2014","台南市","水稻","稉糯稻(圓糯)","1052","5663.716"
"2014","台中市","水稻","稉糯稻(圓糯)","381.78","1905.031"
"2014","台北市","水稻","稉糯稻(圓糯)","0","0"
"2014","新北市","水稻","稉糯稻(圓糯)","0.01","0.04"
"2014","嘉義市","水稻","軟秈稻(秈稻)","0","0"
"2014","新竹市","水稻","軟秈稻(秈稻)","0","0"
"2014","基隆市","水稻","軟秈稻(秈稻)","0","0"
"2014","澎湖縣","水稻","軟秈稻(秈稻)","0","0"
"2014","花蓮縣","水稻","軟秈稻(秈稻)","223","1000.391"
"2014","台東縣","水稻","軟秈稻(秈稻)","0","0"
"2014","屏東縣","水稻","軟秈稻(秈稻)","0","0"
"2014","嘉義縣","水稻","軟秈稻(秈稻)","187","1004.423"
"2014","雲林縣","水稻","軟秈稻(秈稻)","477.05","2680.948"
"2014","南投縣","水稻","軟秈稻(秈稻)","126.89","690.533"
"2014","彰化縣","水稻","軟秈稻(秈稻)","7056.43","36982.935"
"2014","苗栗縣","水稻","軟秈稻(秈稻)","24","110.811"
"2014","新竹縣","水稻","軟秈稻(秈稻)","0","0"
"2014","桃園縣","水稻","軟秈稻(秈稻)","468.5","2020.706"
"2014","宜蘭縣","水稻","軟秈稻(秈稻)","886.9","4467.481"
"2014","高雄市","水稻","軟秈稻(秈稻)","44.94","245.033"
"2014","台南市","水稻","軟秈稻(秈稻)","607.32","3224.903"
"2014","台中市","水稻","軟秈稻(秈稻)","87.85","414.382"
"2014","台北市","水稻","軟秈稻(秈稻)","0","0"
"2014","新北市","水稻","軟秈稻(秈稻)","0","0"
"2014","嘉義市","水稻","硬秈稻(在來)","271","1434.718"
"2014","新竹市","水稻","硬秈稻(在來)","0","0"
"2014","基隆市","水稻","硬秈稻(在來)","0","0"
"2014","澎湖縣","水稻","硬秈稻(在來)","0","0"
"2014","花蓮縣","水稻","硬秈稻(在來)","22","97.655"
"2014","台東縣","水稻","硬秈稻(在來)","0","0"
"2014","屏東縣","水稻","硬秈稻(在來)","541.8","3284.566"
"2014","嘉義縣","水稻","硬秈稻(在來)","694.9","3723.557"
"2014","雲林縣","水稻","硬秈稻(在來)","415.7","2425.271"
"2014","南投縣","水稻","硬秈稻(在來)","0","0"
"2014","彰化縣","水稻","硬秈稻(在來)","138.24","732.824"
"2014","苗栗縣","水稻","硬秈稻(在來)","13.6","65.501"
"2014","新竹縣","水稻","硬秈稻(在來)","12.8","54.035"
"2014","桃園縣","水稻","硬秈稻(在來)","11.5","45.706"
"2014","宜蘭縣","水稻","硬秈稻(在來)","0","0"
"2014","高雄市","水稻","硬秈稻(在來)","3","17.223"
"2014","台南市","水稻","硬秈稻(在來)","74.6","373.682"
"2014","台中市","水稻","硬秈稻(在來)","104.13","447.314"
"2014","台北市","水稻","硬秈稻(在來)","0","0"
"2014","新北市","水稻","硬秈稻(在來)","0","0"
"2014","嘉義市","水稻","稉稻(蓬萊)","1110.47","5812.941"
"2014","新竹市","水稻","稉稻(蓬萊)","1063.98","4640.75"
"2014","基隆市","水稻","稉稻(蓬萊)","0","0"
"2014","澎湖縣","水稻","稉稻(蓬萊)","0","0"
"2014","花蓮縣","水稻","稉稻(蓬萊)","16885.01","73363.132"
"2014","台東縣","水稻","稉稻(蓬萊)","12325.51","59519.898"
"2014","屏東縣","水稻","稉稻(蓬萊)","5943.52","34206.849"
"2014","嘉義縣","水稻","稉稻(蓬萊)","31291.37","166161.67"
"2014","雲林縣","水稻","稉稻(蓬萊)","40397.45","234648.408"
"2014","南投縣","水稻","稉稻(蓬萊)","4486.28","24078.733"
"2014","彰化縣","水稻","稉稻(蓬萊)","36792.9","198395.239"
"2014","苗栗縣","水稻","稉稻(蓬萊)","11482.12","52817.871"
"2014","新竹縣","水稻","稉稻(蓬萊)","7989.86","35288.866"
"2014","桃園縣","水稻","稉稻(蓬萊)","13997","56152.571"
"2014","宜蘭縣","水稻","稉稻(蓬萊)","9799.72","50132.498"
"2014","高雄市","水稻","稉稻(蓬萊)","4820.54","26680.302"
"2014","台南市","水稻","稉稻(蓬萊)","20766.48","115168.846"
"2014","台中市","水稻","稉稻(蓬萊)","25715.87","122875.196"
"2014","台北市","水稻","稉稻(蓬萊)","474.62","1634.797"
"2014","新北市","水稻","稉稻(蓬萊)","162.31","665.627"
"2013","嘉義市","水稻","秈糯稻(長糯)","15","67.03"
"2013","新竹市","水稻","秈糯稻(長糯)","_","_"
"2013","基隆市","水稻","秈糯稻(長糯)","_","_"
"2013","澎湖縣","水稻","秈糯稻(長糯)","_","_"
"2013","花蓮縣","水稻","秈糯稻(長糯)","35","138.648"
"2013","台東縣","水稻","秈糯稻(長糯)","6.5","24.825"
"2013","屏東縣","水稻","秈糯稻(長糯)","57","320"
"2013","嘉義縣","水稻","秈糯稻(長糯)","141.69","653.236"
"2013","雲林縣","水稻","秈糯稻(長糯)","1552.11","8676.947"
"2013","南投縣","水稻","秈糯稻(長糯)","58.5","252.023"
"2013","彰化縣","水稻","秈糯稻(長糯)","3972.5","19973.378"
"2013","苗栗縣","水稻","秈糯稻(長糯)","6.2","26.546"
"2013","新竹縣","水稻","秈糯稻(長糯)","_","_"
"2013","桃園縣","水稻","秈糯稻(長糯)","_","_"
"2013","宜蘭縣","水稻","秈糯稻(長糯)","7","40"
"2013","高雄市","水稻","秈糯稻(長糯)","572","3188.347"
"2013","台南市","水稻","秈糯稻(長糯)","1721.98","7954.621"
"2013","台中市","水稻","秈糯稻(長糯)","1","5"
"2013","台北市","水稻","秈糯稻(長糯)","_","_"
"2013","新北市","水稻","秈糯稻(長糯)","_","_"
"2013","嘉義市","水稻","稉糯稻(圓糯)","55","250.951"
"2013","新竹市","水稻","稉糯稻(圓糯)","_","_"
"2013","基隆市","水稻","稉糯稻(圓糯)","_","_"
"2013","澎湖縣","水稻","稉糯稻(圓糯)","_","_"
"2013","花蓮縣","水稻","稉糯稻(圓糯)","258.6","990.667"
"2013","台東縣","水稻","稉糯稻(圓糯)","122","493.919"
"2013","屏東縣","水稻","稉糯稻(圓糯)","9.3","51.561"
"2013","嘉義縣","水稻","稉糯稻(圓糯)","267.5","1098.038"
"2013","雲林縣","水稻","稉糯稻(圓糯)","2331.65","12618.396"
"2013","南投縣","水稻","稉糯稻(圓糯)","31","142.611"
"2013","彰化縣","水稻","稉糯稻(圓糯)","209.25","1126.7"
"2013","苗栗縣","水稻","稉糯稻(圓糯)","16.4","67.802"
"2013","新竹縣","水稻","稉糯稻(圓糯)","_","_"
"2013","桃園縣","水稻","稉糯稻(圓糯)","_","_"
"2013","宜蘭縣","水稻","稉糯稻(圓糯)","181","923"
"2013","高雄市","水稻","稉糯稻(圓糯)","0.5","1.75"
"2013","台南市","水稻","稉糯稻(圓糯)","1220.23","5522.943"
"2013","台中市","水稻","稉糯稻(圓糯)","395.76","1813.147"
"2013","台北市","水稻","稉糯稻(圓糯)","_","_"
"2013","新北市","水稻","稉糯稻(圓糯)","0.01","0.039"
"2013","嘉義市","水稻","軟秈稻(秈稻)","_","_"
"2013","新竹市","水稻","軟秈稻(秈稻)","_","_"
"2013","基隆市","水稻","軟秈稻(秈稻)","_","_"
"2013","澎湖縣","水稻","軟秈稻(秈稻)","_","_"
"2013","花蓮縣","水稻","軟秈稻(秈稻)","509.9","2055.588"
"2013","台東縣","水稻","軟秈稻(秈稻)","_","_"
"2013","屏東縣","水稻","軟秈稻(秈稻)","_","_"
"2013","嘉義縣","水稻","軟秈稻(秈稻)","59","262.206"
"2013","雲林縣","水稻","軟秈稻(秈稻)","234.66","1230.581"
"2013","南投縣","水稻","軟秈稻(秈稻)","110","557"
"2013","彰化縣","水稻","軟秈稻(秈稻)","8123.43","40214.215"
"2013","苗栗縣","水稻","軟秈稻(秈稻)","20","91.298"
"2013","新竹縣","水稻","軟秈稻(秈稻)","15","64.132"
"2013","桃園縣","水稻","軟秈稻(秈稻)","386.71","1340.487"
"2013","宜蘭縣","水稻","軟秈稻(秈稻)","873","4277"
"2013","高雄市","水稻","軟秈稻(秈稻)","68.37","350.049"
"2013","台南市","水稻","軟秈稻(秈稻)","551.34","2409.744"
"2013","台中市","水稻","軟秈稻(秈稻)","94.8","483.185"
"2013","台北市","水稻","軟秈稻(秈稻)","_","_"
"2013","新北市","水稻","軟秈稻(秈稻)","_","_"
"2013","嘉義市","水稻","硬秈稻(在來)","275","1241.14"
"2013","新竹市","水稻","硬秈稻(在來)","_","_"
"2013","基隆市","水稻","硬秈稻(在來)","_","_"
"2013","澎湖縣","水稻","硬秈稻(在來)","_","_"
"2013","花蓮縣","水稻","硬秈稻(在來)","93.6","326.666"
"2013","台東縣","水稻","硬秈稻(在來)","_","_"
"2013","屏東縣","水稻","硬秈稻(在來)","468","2750.092"
"2013","嘉義縣","水稻","硬秈稻(在來)","689.53","2942.22"
"2013","雲林縣","水稻","硬秈稻(在來)","502.89","2716.773"
"2013","南投縣","水稻","硬秈稻(在來)","_","_"
"2013","彰化縣","水稻","硬秈稻(在來)","77","275.849"
"2013","苗栗縣","水稻","硬秈稻(在來)","13.2","65.123"
"2013","新竹縣","水稻","硬秈稻(在來)","_","_"
"2013","桃園縣","水稻","硬秈稻(在來)","34.48","111.341"
"2013","宜蘭縣","水稻","硬秈稻(在來)","_","_"
"2013","高雄市","水稻","硬秈稻(在來)","2.9","10.121"
"2013","台南市","水稻","硬秈稻(在來)","103.69","415.713"
"2013","台中市","水稻","硬秈稻(在來)","107.2","465.753"
"2013","台北市","水稻","硬秈稻(在來)","_","_"
"2013","新北市","水稻","硬秈稻(在來)","1","3"
"2013","嘉義市","水稻","稉稻(蓬萊)","1108.7","4845.252"
"2013","新竹市","水稻","稉稻(蓬萊)","1073.59","4384.015"
"2013","基隆市","水稻","稉稻(蓬萊)","0","0"
"2013","澎湖縣","水稻","稉稻(蓬萊)","0","0"
"2013","花蓮縣","水稻","稉稻(蓬萊)","16295.65","64342.45"
"2013","台東縣","水稻","稉稻(蓬萊)","12617.96","53806.718"
"2013","屏東縣","水稻","稉稻(蓬萊)","6327.06","35129.052"
"2013","嘉義縣","水稻","稉稻(蓬萊)","32141.82","134513.427"
"2013","雲林縣","水稻","稉稻(蓬萊)","38941.86","219367.817"
"2013","南投縣","水稻","稉稻(蓬萊)","4787.55","23925.868"
"2013","彰化縣","水稻","稉稻(蓬萊)","35938.1","188168.152"
"2013","苗栗縣","水稻","稉稻(蓬萊)","11359.05","51227.32"
"2013","新竹縣","水稻","稉稻(蓬萊)","7976.8","34152.706"
"2013","桃園縣","水稻","稉稻(蓬萊)","12747.28","45244.562"
"2013","宜蘭縣","水稻","稉稻(蓬萊)","9801.85","49788.353"
"2013","高雄市","水稻","稉稻(蓬萊)","4758.12","25395.632"
"2013","台南市","水稻","稉稻(蓬萊)","20830.59","92593.937"
"2013","台中市","水稻","稉稻(蓬萊)","26145.47","115675.556"
"2013","台北市","水稻","稉稻(蓬萊)","490.31","1283.862"
"2013","新北市","水稻","稉稻(蓬萊)","164.02","530.542"
"2012","嘉義市","水稻","秈糯稻(長糯)","23","111.684"
"2012","新竹市","水稻","秈糯稻(長糯)","0","0"
"2012","基隆市","水稻","秈糯稻(長糯)","0","0"
"2012","澎湖縣","水稻","秈糯稻(長糯)","0","0"
"2012","花蓮縣","水稻","秈糯稻(長糯)","61.5","252.522"
"2012","台東縣","水稻","秈糯稻(長糯)","1","3.385"
"2012","屏東縣","水稻","秈糯稻(長糯)","35.7","201.042"
"2012","嘉義縣","水稻","秈糯稻(長糯)","101.55","501.608"
"2012","雲林縣","水稻","秈糯稻(長糯)","1366.3","8350.084"
"2012","南投縣","水稻","秈糯稻(長糯)","8.2","35.875"
"2012","彰化縣","水稻","秈糯稻(長糯)","3923.18","21154.258"
"2012","苗栗縣","水稻","秈糯稻(長糯)","6.2","26.474"
"2012","新竹縣","水稻","秈糯稻(長糯)","0","0"
"2012","桃園縣","水稻","秈糯稻(長糯)","0","0"
"2012","宜蘭縣","水稻","秈糯稻(長糯)","0","0"
"2012","高雄市","水稻","秈糯稻(長糯)","311.5","1707.01"
"2012","台南市","水稻","秈糯稻(長糯)","1887.54","10756.273"
"2012","台中市","水稻","秈糯稻(長糯)","1.5","8.384"
"2012","台北市","水稻","秈糯稻(長糯)","0","0"
"2012","新北市","水稻","秈糯稻(長糯)","0.3","1.294"
"2012","嘉義市","水稻","稉糯稻(圓糯)","34","156.533"
"2012","新竹市","水稻","稉糯稻(圓糯)","0","0"
"2012","基隆市","水稻","稉糯稻(圓糯)","0","0"
"2012","澎湖縣","水稻","稉糯稻(圓糯)","0","0"
"2012","花蓮縣","水稻","稉糯稻(圓糯)","344.9","1330.952"
"2012","台東縣","水稻","稉糯稻(圓糯)","114.2","511.801"
"2012","屏東縣","水稻","稉糯稻(圓糯)","38","215.196"
"2012","嘉義縣","水稻","稉糯稻(圓糯)","260.5","1285.842"
"2012","雲林縣","水稻","稉糯稻(圓糯)","2661.04","16549.394"
"2012","南投縣","水稻","稉糯稻(圓糯)","8","37.691"
"2012","彰化縣","水稻","稉糯稻(圓糯)","265.27","1438.983"
"2012","苗栗縣","水稻","稉糯稻(圓糯)","22.43","94.754"
"2012","新竹縣","水稻","稉糯稻(圓糯)","0","0"
"2012","桃園縣","水稻","稉糯稻(圓糯)","0","0"
"2012","宜蘭縣","水稻","稉糯稻(圓糯)","114.2","567.643"
"2012","高雄市","水稻","稉糯稻(圓糯)","6","33.432"
"2012","台南市","水稻","稉糯稻(圓糯)","869.8","4860.081"
"2012","台中市","水稻","稉糯稻(圓糯)","442.19","2215.089"
"2012","台北市","水稻","稉糯稻(圓糯)","0","0"
"2012","新北市","水稻","稉糯稻(圓糯)","0.01","0.045"
"2012","嘉義市","水稻","軟秈稻(秈稻)","0","0"
"2012","新竹市","水稻","軟秈稻(秈稻)","0","0"
"2012","基隆市","水稻","軟秈稻(秈稻)","0","0"
"2012","澎湖縣","水稻","軟秈稻(秈稻)","0","0"
"2012","花蓮縣","水稻","軟秈稻(秈稻)","7","26.459"
"2012","台東縣","水稻","軟秈稻(秈稻)","0","0"
"2012","屏東縣","水稻","軟秈稻(秈稻)","0","0"
"2012","嘉義縣","水稻","軟秈稻(秈稻)","89","436.542"
"2012","雲林縣","水稻","軟秈稻(秈稻)","292.9","1578.193"
"2012","南投縣","水稻","軟秈稻(秈稻)","113.7","639.904"
"2012","彰化縣","水稻","軟秈稻(秈稻)","8454.08","42727.062"
"2012","苗栗縣","水稻","軟秈稻(秈稻)","12.2","55.335"
"2012","新竹縣","水稻","軟秈稻(秈稻)","17.5","74.91"
"2012","桃園縣","水稻","軟秈稻(秈稻)","251.34","1064.969"
"2012","宜蘭縣","水稻","軟秈稻(秈稻)","831.35","4144.453"
"2012","高雄市","水稻","軟秈稻(秈稻)","64.54","334.937"
"2012","台南市","水稻","軟秈稻(秈稻)","611.69","3438.654"
"2012","台中市","水稻","軟秈稻(秈稻)","140.58","679.568"
"2012","台北市","水稻","軟秈稻(秈稻)","0","0"
"2012","新北市","水稻","軟秈稻(秈稻)","0","0"
"2012","嘉義市","水稻","硬秈稻(在來)","400","2052.608"
"2012","新竹市","水稻","硬秈稻(在來)","0","0"
"2012","基隆市","水稻","硬秈稻(在來)","0","0"
"2012","澎湖縣","水稻","硬秈稻(在來)","0","0"
"2012","花蓮縣","水稻","硬秈稻(在來)","311","1280.443"
"2012","台東縣","水稻","硬秈稻(在來)","0","0"
"2012","屏東縣","水稻","硬秈稻(在來)","437.43","2571.625"
"2012","嘉義縣","水稻","硬秈稻(在來)","699.2","3534.956"
"2012","雲林縣","水稻","硬秈稻(在來)","624.31","3693.608"
"2012","南投縣","水稻","硬秈稻(在來)","0","0"
"2012","彰化縣","水稻","硬秈稻(在來)","73","372.585"
"2012","苗栗縣","水稻","硬秈稻(在來)","7.8","35.872"
"2012","新竹縣","水稻","硬秈稻(在來)","0","0"
"2012","桃園縣","水稻","硬秈稻(在來)","31.98","108.457"
"2012","宜蘭縣","水稻","硬秈稻(在來)","0","0"
"2012","高雄市","水稻","硬秈稻(在來)","30.22","141.619"
"2012","台南市","水稻","硬秈稻(在來)","113.37","595.998"
"2012","台中市","水稻","硬秈稻(在來)","160.39","764.803"
"2012","台北市","水稻","硬秈稻(在來)","0","0"
"2012","新北市","水稻","硬秈稻(在來)","0","0"
"2012","嘉義市","水稻","稉稻(蓬萊)","983.21","4829.936"
"2012","新竹市","水稻","稉稻(蓬萊)","1030.4","4917.821"
"2012","基隆市","水稻","稉稻(蓬萊)","0","0"
"2012","澎湖縣","水稻","稉稻(蓬萊)","0","0"
"2012","花蓮縣","水稻","稉稻(蓬萊)","15931.79","64901.122"
"2012","台東縣","水稻","稉稻(蓬萊)","12418.34","54901.509"
"2012","屏東縣","水稻","稉稻(蓬萊)","6283.23","35546.467"
"2012","嘉義縣","水稻","稉稻(蓬萊)","31343.62","159345.966"
"2012","雲林縣","水稻","稉稻(蓬萊)","38780.37","237894.495"
"2012","南投縣","水稻","稉稻(蓬萊)","4890.86","27136.595"
"2012","彰化縣","水稻","稉稻(蓬萊)","33991.45","197033.849"
"2012","苗栗縣","水稻","稉稻(蓬萊)","10466.72","49260.221"
"2012","新竹縣","水稻","稉稻(蓬萊)","7259.89","32947.841"
"2012","桃園縣","水稻","稉稻(蓬萊)","10319.7","43300.531"
"2012","宜蘭縣","水稻","稉稻(蓬萊)","9048.32","44972.547"
"2012","高雄市","水稻","稉稻(蓬萊)","4547.75","24354.437"
"2012","台南市","水稻","稉稻(蓬萊)","19774.99","110592.544"
"2012","台中市","水稻","稉稻(蓬萊)","26359.74","131263.053"
"2012","台北市","水稻","稉稻(蓬萊)","492.7","1567.811"
"2012","新北市","水稻","稉稻(蓬萊)","156.45","687.495"
"2011","嘉義市","水稻","秈糯稻(長糯)","23","110.665"
"2011","新竹市","水稻","秈糯稻(長糯)","0","0"
"2011","基隆市","水稻","秈糯稻(長糯)","0","0"
"2011","澎湖縣","水稻","秈糯稻(長糯)","0","0"
"2011","花蓮縣","水稻","秈糯稻(長糯)","73.2","324.346"
"2011","台東縣","水稻","秈糯稻(長糯)","21","85.71"
"2011","屏東縣","水稻","秈糯稻(長糯)","107.2","591.684"
"2011","嘉義縣","水稻","秈糯稻(長糯)","138.15","741.856"
"2011","雲林縣","水稻","秈糯稻(長糯)","1370.2","8308.801"
"2011","南投縣","水稻","秈糯稻(長糯)","7","33.293"
"2011","彰化縣","水稻","秈糯稻(長糯)","3411.11","17665.99"
"2011","苗栗縣","水稻","秈糯稻(長糯)","6.19","24.079"
"2011","新竹縣","水稻","秈糯稻(長糯)","0","0"
"2011","桃園縣","水稻","秈糯稻(長糯)","0","0"
"2011","宜蘭縣","水稻","秈糯稻(長糯)","6","32.286"
"2011","高雄市","水稻","秈糯稻(長糯)","311","1801.574"
"2011","台南市","水稻","秈糯稻(長糯)","1772.35","10265.909"
"2011","台中市","水稻","秈糯稻(長糯)","1.75","9.539"
"2011","台北市","水稻","秈糯稻(長糯)","0","0"
"2011","新北市","水稻","秈糯稻(長糯)","0.2","0.768"
"2011","嘉義市","水稻","稉糯稻(圓糯)","70","330.907"
"2011","新竹市","水稻","稉糯稻(圓糯)","0","0"
"2011","基隆市","水稻","稉糯稻(圓糯)","0","0"
"2011","澎湖縣","水稻","稉糯稻(圓糯)","0","0"
"2011","花蓮縣","水稻","稉糯稻(圓糯)","623.6","2857.807"
"2011","台東縣","水稻","稉糯稻(圓糯)","146.8","612.334"
"2011","屏東縣","水稻","稉糯稻(圓糯)","41.6","227.569"
"2011","嘉義縣","水稻","稉糯稻(圓糯)","328","1752.025"
"2011","雲林縣","水稻","稉糯稻(圓糯)","2975.86","17249.266"
"2011","南投縣","水稻","稉糯稻(圓糯)","8.5","43.789"
"2011","彰化縣","水稻","稉糯稻(圓糯)","295.02","1507.479"
"2011","苗栗縣","水稻","稉糯稻(圓糯)","19.78","80.632"
"2011","新竹縣","水稻","稉糯稻(圓糯)","0","0"
"2011","桃園縣","水稻","稉糯稻(圓糯)","2.55","9.314"
"2011","宜蘭縣","水稻","稉糯稻(圓糯)","171.53","918.842"
"2011","高雄市","水稻","稉糯稻(圓糯)","6","34.945"
"2011","台南市","水稻","稉糯稻(圓糯)","724.7","4125.11"
"2011","台中市","水稻","稉糯稻(圓糯)","481.05","2400.228"
"2011","台北市","水稻","稉糯稻(圓糯)","0","0"
"2011","新北市","水稻","稉糯稻(圓糯)","0.01","0.038"
"2011","嘉義市","水稻","軟秈稻(秈稻)","0","0"
"2011","新竹市","水稻","軟秈稻(秈稻)","0","0"
"2011","基隆市","水稻","軟秈稻(秈稻)","0","0"
"2011","澎湖縣","水稻","軟秈稻(秈稻)","0","0"
"2011","花蓮縣","水稻","軟秈稻(秈稻)","188","865.172"
"2011","台東縣","水稻","軟秈稻(秈稻)","0","0"
"2011","屏東縣","水稻","軟秈稻(秈稻)","0","0"
"2011","嘉義縣","水稻","軟秈稻(秈稻)","15","66.345"
"2011","雲林縣","水稻","軟秈稻(秈稻)","385.46","2362.423"
"2011","南投縣","水稻","軟秈稻(秈稻)","166.05","943.285"
"2011","彰化縣","水稻","軟秈稻(秈稻)","9946.07","52457.476"
"2011","苗栗縣","水稻","軟秈稻(秈稻)","10.95","45.129"
"2011","新竹縣","水稻","軟秈稻(秈稻)","0","0"
"2011","桃園縣","水稻","軟秈稻(秈稻)","179.21","780.243"
"2011","宜蘭縣","水稻","軟秈稻(秈稻)","872.45","4761.597"
"2011","高雄市","水稻","軟秈稻(秈稻)","73.65","381.481"
"2011","台南市","水稻","軟秈稻(秈稻)","650.35","3557.728"
"2011","台中市","水稻","軟秈稻(秈稻)","119","616.107"
"2011","台北市","水稻","軟秈稻(秈稻)","0","0"
"2011","新北市","水稻","軟秈稻(秈稻)","0","0"
"2011","嘉義市","水稻","硬秈稻(在來)","400","1862.241"
"2011","新竹市","水稻","硬秈稻(在來)","0","0"
"2011","基隆市","水稻","硬秈稻(在來)","0","0"
"2011","澎湖縣","水稻","硬秈稻(在來)","0","0"
"2011","花蓮縣","水稻","硬秈稻(在來)","62","297.635"
"2011","台東縣","水稻","硬秈稻(在來)","0","0"
"2011","屏東縣","水稻","硬秈稻(在來)","381.54","2233.349"
"2011","嘉義縣","水稻","硬秈稻(在來)","826.1","4387.548"
"2011","雲林縣","水稻","硬秈稻(在來)","760.27","4355.381"
"2011","南投縣","水稻","硬秈稻(在來)","5.33","27.123"
"2011","彰化縣","水稻","硬秈稻(在來)","113","528.014"
"2011","苗栗縣","水稻","硬秈稻(在來)","25.4","108.329"
"2011","新竹縣","水稻","硬秈稻(在來)","0","0"
"2011","桃園縣","水稻","硬秈稻(在來)","32.38","120.186"
"2011","宜蘭縣","水稻","硬秈稻(在來)","0","0"
"2011","高雄市","水稻","硬秈稻(在來)","3.3","16.172"
"2011","台南市","水稻","硬秈稻(在來)","93.01","474.829"
"2011","台中市","水稻","硬秈稻(在來)","156.15","734.498"
"2011","台北市","水稻","硬秈稻(在來)","0","0"
"2011","新北市","水稻","硬秈稻(在來)","0","0"
"2011","嘉義市","水稻","稉稻(蓬萊)","933.4","4633.881"
"2011","新竹市","水稻","稉稻(蓬萊)","1235.89","5715.019"
"2011","基隆市","水稻","稉稻(蓬萊)","0","0"
"2011","澎湖縣","水稻","稉稻(蓬萊)","0","0"
"2011","花蓮縣","水稻","稉稻(蓬萊)","15462.03","67233.536"
"2011","台東縣","水稻","稉稻(蓬萊)","12180.01","53704.472"
"2011","屏東縣","水稻","稉稻(蓬萊)","6024.68","33705.901"
"2011","嘉義縣","水稻","稉稻(蓬萊)","29747.91","160932.215"
"2011","雲林縣","水稻","稉稻(蓬萊)","36638.712","224190.187"
"2011","南投縣","水稻","稉稻(蓬萊)","4672.28","24367.425"
"2011","彰化縣","水稻","稉稻(蓬萊)","31860.11","176655.51"
"2011","苗栗縣","水稻","稉稻(蓬萊)","10238.19","47554.291"
"2011","新竹縣","水稻","稉稻(蓬萊)","7093.42","33633.591"
"2011","桃園縣","水稻","稉稻(蓬萊)","10693","45289.54"
"2011","宜蘭縣","水稻","稉稻(蓬萊)","8404.04","45699.032"
"2011","高雄市","水稻","稉稻(蓬萊)","4301.12","23435.834"
"2011","台南市","水稻","稉稻(蓬萊)","18565.18","102599.304"
"2011","台中市","水稻","稉稻(蓬萊)","26925.08","141910.278"
"2011","台北市","水稻","稉稻(蓬萊)","493.82","1589.423"
"2011","新北市","水稻","稉稻(蓬萊)","177.67","787.714"
"2010","高雄市","水稻","秈糯稻(長糯)","0","0"
"2010","台北市","水稻","秈糯稻(長糯)","0","0"
"2010","台南市","水稻","秈糯稻(長糯)","31","132.888"
"2010","嘉義市","水稻","秈糯稻(長糯)","23","97.645"
"2010","台中市","水稻","秈糯稻(長糯)","0","0"
"2010","新竹市","水稻","秈糯稻(長糯)","0","0"
"2010","基隆市","水稻","秈糯稻(長糯)","0","0"
"2010","澎湖縣","水稻","秈糯稻(長糯)","0","0"
"2010","花蓮縣","水稻","秈糯稻(長糯)","70.8","273.285"
"2010","台東縣","水稻","秈糯稻(長糯)","39","173.814"
"2010","屏東縣","水稻","秈糯稻(長糯)","28.03","152.77"
"2010","高雄縣","水稻","秈糯稻(長糯)","259.5","1250.746"
"2010","台南縣","水稻","秈糯稻(長糯)","1272.08","6747.961"
"2010","嘉義縣","水稻","秈糯稻(長糯)","123.33","578.585"
"2010","雲林縣","水稻","秈糯稻(長糯)","1559","8571.935"
"2010","南投縣","水稻","秈糯稻(長糯)","8.4","30.927"
"2010","彰化縣","水稻","秈糯稻(長糯)","3457.59","16365.392"
"2010","台中縣","水稻","秈糯稻(長糯)","13.8","74.069"
"2010","苗栗縣","水稻","秈糯稻(長糯)","13","42.35"
"2010","新竹縣","水稻","秈糯稻(長糯)","0","0"
"2010","桃園縣","水稻","秈糯稻(長糯)","0","0"
"2010","宜蘭縣","水稻","秈糯稻(長糯)","7","34.019"
"2010","台北縣","水稻","秈糯稻(長糯)","0","0"
"2010","高雄市","水稻","稉糯稻(圓糯)","0","0"
"2010","台北市","水稻","稉糯稻(圓糯)","0","0"
"2010","台南市","水稻","稉糯稻(圓糯)","26","137.379"
"2010","嘉義市","水稻","稉糯稻(圓糯)","67","286.098"
"2010","台中市","水稻","稉糯稻(圓糯)","4.8","22.471"
"2010","新竹市","水稻","稉糯稻(圓糯)","0","0"
"2010","基隆市","水稻","稉糯稻(圓糯)","0","0"
"2010","澎湖縣","水稻","稉糯稻(圓糯)","0","0"
"2010","花蓮縣","水稻","稉糯稻(圓糯)","397.8","1710.748"
"2010","台東縣","水稻","稉糯稻(圓糯)","171.8","714.914"
"2010","屏東縣","水稻","稉糯稻(圓糯)","5.11","28.3"
"2010","高雄縣","水稻","稉糯稻(圓糯)","3","14.451"
"2010","台南縣","水稻","稉糯稻(圓糯)","581.8","2876.079"
"2010","嘉義縣","水稻","稉糯稻(圓糯)","369.8","1647.677"
"2010","雲林縣","水稻","稉糯稻(圓糯)","3179.5","15920.263"
"2010","南投縣","水稻","稉糯稻(圓糯)","11","54.902"
"2010","彰化縣","水稻","稉糯稻(圓糯)","323.28","1587.215"
"2010","台中縣","水稻","稉糯稻(圓糯)","332.5","1519.865"
"2010","苗栗縣","水稻","稉糯稻(圓糯)","35.01","117.683"
"2010","新竹縣","水稻","稉糯稻(圓糯)","0","0"
"2010","桃園縣","水稻","稉糯稻(圓糯)","2.26","7.43"
"2010","宜蘭縣","水稻","稉糯稻(圓糯)","120","623.332"
"2010","台北縣","水稻","稉糯稻(圓糯)","0.32","1.32"
"2010","高雄市","水稻","軟秈稻(秈稻)","0","0"
"2010","台北市","水稻","軟秈稻(秈稻)","0","0"
"2010","台南市","水稻","軟秈稻(秈稻)","48.83","164.771"
"2010","嘉義市","水稻","軟秈稻(秈稻)","0","0"
"2010","台中市","水稻","軟秈稻(秈稻)","0","0"
"2010","新竹市","水稻","軟秈稻(秈稻)","0","0"
"2010","基隆市","水稻","軟秈稻(秈稻)","0","0"
"2010","澎湖縣","水稻","軟秈稻(秈稻)","0","0"
"2010","花蓮縣","水稻","軟秈稻(秈稻)","200","925.101"
"2010","台東縣","水稻","軟秈稻(秈稻)","0","0"
"2010","屏東縣","水稻","軟秈稻(秈稻)","0","0"
"2010","高雄縣","水稻","軟秈稻(秈稻)","27.5","129.24"
"2010","台南縣","水稻","軟秈稻(秈稻)","338.97","1644.46"
"2010","嘉義縣","水稻","軟秈稻(秈稻)","0","0"
"2010","雲林縣","水稻","軟秈稻(秈稻)","321.5","1865.997"
"2010","南投縣","水稻","軟秈稻(秈稻)","171.43","1001.672"
"2010","彰化縣","水稻","軟秈稻(秈稻)","11291.48","55071.538"
"2010","台中縣","水稻","軟秈稻(秈稻)","141","716.236"
"2010","苗栗縣","水稻","軟秈稻(秈稻)","80.5","282.24"
"2010","新竹縣","水稻","軟秈稻(秈稻)","0","0"
"2010","桃園縣","水稻","軟秈稻(秈稻)","56.2","229.097"
"2010","宜蘭縣","水稻","軟秈稻(秈稻)","868","4641.91"
"2010","台北縣","水稻","軟秈稻(秈稻)","0","0"
"2010","高雄市","水稻","硬秈稻(在來)","0","0"
"2010","台北市","水稻","硬秈稻(在來)","0","0"
"2010","台南市","水稻","硬秈稻(在來)","31","145.146"
"2010","嘉義市","水稻","硬秈稻(在來)","415","1792.67"
"2010","台中市","水稻","硬秈稻(在來)","0","0"
"2010","新竹市","水稻","硬秈稻(在來)","0","0"
"2010","基隆市","水稻","硬秈稻(在來)","0","0"
"2010","澎湖縣","水稻","硬秈稻(在來)","0","0"
"2010","花蓮縣","水稻","硬秈稻(在來)","118","536.421"
"2010","台東縣","水稻","硬秈稻(在來)","0","0"
"2010","屏東縣","水稻","硬秈稻(在來)","273.91","1590.219"
"2010","高雄縣","水稻","硬秈稻(在來)","31.15","150.021"
"2010","台南縣","水稻","硬秈稻(在來)","131.49","631.893"
"2010","嘉義縣","水稻","硬秈稻(在來)","644.2","2805.51"
"2010","雲林縣","水稻","硬秈稻(在來)","835.35","4392.604"
"2010","南投縣","水稻","硬秈稻(在來)","0.75","3.518"
"2010","彰化縣","水稻","硬秈稻(在來)","171.85","678.575"
"2010","台中縣","水稻","硬秈稻(在來)","154","702.146"
"2010","苗栗縣","水稻","硬秈稻(在來)","36.5","133.832"
"2010","新竹縣","水稻","硬秈稻(在來)","0","0"
"2010","桃園縣","水稻","硬秈稻(在來)","45.03","147.453"
"2010","宜蘭縣","水稻","硬秈稻(在來)","0","0"
"2010","台北縣","水稻","硬秈稻(在來)","0","0"
"2010","高雄市","水稻","稉稻(蓬萊)","60.02","369.466"
"2010","台北市","水稻","稉稻(蓬萊)","505.35","1605.076"
"2010","台南市","水稻","稉稻(蓬萊)","218.15","712.068"
"2010","嘉義市","水稻","稉稻(蓬萊)","909.05","4391.844"
"2010","台中市","水稻","稉稻(蓬萊)","1609.97","7624.415"
"2010","新竹市","水稻","稉稻(蓬萊)","1259.19","4712.656"
"2010","基隆市","水稻","稉稻(蓬萊)","0","0"
"2010","澎湖縣","水稻","稉稻(蓬萊)","0","0"
"2010","花蓮縣","水稻","稉稻(蓬萊)","15031.85","63494.59"
"2010","台東縣","水稻","稉稻(蓬萊)","12206.88","54973.18"
"2010","屏東縣","水稻","稉稻(蓬萊)","6343.86","34335.092"
"2010","高雄縣","水稻","稉稻(蓬萊)","4234.7","22155.361"
"2010","台南縣","水稻","稉稻(蓬萊)","12077.23","56986.225"
"2010","嘉義縣","水稻","稉稻(蓬萊)","24326.14","110386.282"
"2010","雲林縣","水稻","稉稻(蓬萊)","37839.19","209433.82"
"2010","南投縣","水稻","稉稻(蓬萊)","4664.39","22344.147"
"2010","彰化縣","水稻","稉稻(蓬萊)","31917.47","160080.687"
"2010","台中縣","水稻","稉稻(蓬萊)","25569.89","115030.187"
"2010","苗栗縣","水稻","稉稻(蓬萊)","9440.31","40310.342"
"2010","新竹縣","水稻","稉稻(蓬萊)","7113.14","30338.319"
"2010","桃園縣","水稻","稉稻(蓬萊)","10982.06","41166.553"
"2010","宜蘭縣","水稻","稉稻(蓬萊)","8386.64","44531.325"
"2010","台北縣","水稻","稉稻(蓬萊)","196.45","811.43"
"2009","高雄市","水稻","秈糯稻(長糯)","0","0"
"2009","台北市","水稻","秈糯稻(長糯)","0","0"
"2009","台南市","水稻","秈糯稻(長糯)","48","231.521"
"2009","嘉義市","水稻","秈糯稻(長糯)","23","110.632"
"2009","台中市","水稻","秈糯稻(長糯)","0","0"
"2009","新竹市","水稻","秈糯稻(長糯)","0","0"
"2009","基隆市","水稻","秈糯稻(長糯)","0","0"
"2009","澎湖縣","水稻","秈糯稻(長糯)","0","0"
"2009","花蓮縣","水稻","秈糯稻(長糯)","29.1","109.906"
"2009","台東縣","水稻","秈糯稻(長糯)","50","195.4"
"2009","屏東縣","水稻","秈糯稻(長糯)","39.54","218.772"
"2009","高雄縣","水稻","秈糯稻(長糯)","282","1296.387"
"2009","台南縣","水稻","秈糯稻(長糯)","1338.43","6982.686"
"2009","嘉義縣","水稻","秈糯稻(長糯)","254.3","1237.205"
"2009","雲林縣","水稻","秈糯稻(長糯)","1561.2","9014.739"
"2009","南投縣","水稻","秈糯稻(長糯)","9.58","37.034"
"2009","彰化縣","水稻","秈糯稻(長糯)","3352.9","17155.664"
"2009","台中縣","水稻","秈糯稻(長糯)","6.9","42.889"
"2009","苗栗縣","水稻","秈糯稻(長糯)","10.66","44.132"
"2009","新竹縣","水稻","秈糯稻(長糯)","0","0"
"2009","桃園縣","水稻","秈糯稻(長糯)","0","0"
"2009","宜蘭縣","水稻","秈糯稻(長糯)","5","23.285"
"2009","台北縣","水稻","秈糯稻(長糯)","0","0"
"2009","高雄市","水稻","稉糯稻(圓糯)","0","0"
"2009","台北市","水稻","稉糯稻(圓糯)","0","0"
"2009","台南市","水稻","稉糯稻(圓糯)","6","27.371"
"2009","嘉義市","水稻","稉糯稻(圓糯)","67","315.005"
"2009","台中市","水稻","稉糯稻(圓糯)","5.4","28.692"
"2009","新竹市","水稻","稉糯稻(圓糯)","0","0"
"2009","基隆市","水稻","稉糯稻(圓糯)","0","0"
"2009","澎湖縣","水稻","稉糯稻(圓糯)","0","0"
"2009","花蓮縣","水稻","稉糯稻(圓糯)","325.88","1323.385"
"2009","台東縣","水稻","稉糯稻(圓糯)","201.84","798.271"
"2009","屏東縣","水稻","稉糯稻(圓糯)","0.24","1.368"
"2009","高雄縣","水稻","稉糯稻(圓糯)","7.7","31.526"
"2009","台南縣","水稻","稉糯稻(圓糯)","855.7","4382.315"
"2009","嘉義縣","水稻","稉糯稻(圓糯)","511.69","2433.096"
"2009","雲林縣","水稻","稉糯稻(圓糯)","2587","14090.404"
"2009","南投縣","水稻","稉糯稻(圓糯)","50.25","265.857"
"2009","彰化縣","水稻","稉糯稻(圓糯)","320.3","1669.289"
"2009","台中縣","水稻","稉糯稻(圓糯)","301.4","1468.699"
"2009","苗栗縣","水稻","稉糯稻(圓糯)","17.85","81.544"
"2009","新竹縣","水稻","稉糯稻(圓糯)","0","0"
"2009","桃園縣","水稻","稉糯稻(圓糯)","2","6.655"
"2009","宜蘭縣","水稻","稉糯稻(圓糯)","165","847.43"
"2009","台北縣","水稻","稉糯稻(圓糯)","1","3.976"
"2009","高雄市","水稻","軟秈稻(秈稻)","0","0"
"2009","台北市","水稻","軟秈稻(秈稻)","0","0"
"2009","台南市","水稻","軟秈稻(秈稻)","160","484.902"
"2009","嘉義市","水稻","軟秈稻(秈稻)","0","0"
"2009","台中市","水稻","軟秈稻(秈稻)","0","0"
"2009","新竹市","水稻","軟秈稻(秈稻)","0","0"
"2009","基隆市","水稻","軟秈稻(秈稻)","0","0"
"2009","澎湖縣","水稻","軟秈稻(秈稻)","0","0"
"2009","花蓮縣","水稻","軟秈稻(秈稻)","185","796.704"
"2009","台東縣","水稻","軟秈稻(秈稻)","0","0"
"2009","屏東縣","水稻","軟秈稻(秈稻)","0","0"
"2009","高雄縣","水稻","軟秈稻(秈稻)","33.1","159.983"
"2009","台南縣","水稻","軟秈稻(秈稻)","216.62","991.676"
"2009","嘉義縣","水稻","軟秈稻(秈稻)","50","264"
"2009","雲林縣","水稻","軟秈稻(秈稻)","220","1270.491"
"2009","南投縣","水稻","軟秈稻(秈稻)","161.55","881.331"
"2009","彰化縣","水稻","軟秈稻(秈稻)","11417.64","59436.477"
"2009","台中縣","水稻","軟秈稻(秈稻)","123.3","609.379"
"2009","苗栗縣","水稻","軟秈稻(秈稻)","48.51","215.62"
"2009","新竹縣","水稻","軟秈稻(秈稻)","20","97.5"
"2009","桃園縣","水稻","軟秈稻(秈稻)","36.3","162.412"
"2009","宜蘭縣","水稻","軟秈稻(秈稻)","701","3697.074"
"2009","台北縣","水稻","軟秈稻(秈稻)","0.7","2.849"
"2009","高雄市","水稻","硬秈稻(在來)","0","0"
"2009","台北市","水稻","硬秈稻(在來)","0","0"
"2009","台南市","水稻","硬秈稻(在來)","21.25","90.751"
"2009","嘉義市","水稻","硬秈稻(在來)","414.79","1909.14"
"2009","台中市","水稻","硬秈稻(在來)","0","0"
"2009","新竹市","水稻","硬秈稻(在來)","0","0"
"2009","基隆市","水稻","硬秈稻(在來)","0","0"
"2009","澎湖縣","水稻","硬秈稻(在來)","0","0"
"2009","花蓮縣","水稻","硬秈稻(在來)","53","207.892"
"2009","台東縣","水稻","硬秈稻(在來)","0","0"
"2009","屏東縣","水稻","硬秈稻(在來)","371.64","2107.918"
"2009","高雄縣","水稻","硬秈稻(在來)","52.1","228.454"
"2009","台南縣","水稻","硬秈稻(在來)","554.64","2833.711"
"2009","嘉義縣","水稻","硬秈稻(在來)","974.97","4555.146"
"2009","雲林縣","水稻","硬秈稻(在來)","673","3785.01"
"2009","南投縣","水稻","硬秈稻(在來)","10.32","41.717"
"2009","彰化縣","水稻","硬秈稻(在來)","493.7","2167.21"
"2009","台中縣","水稻","硬秈稻(在來)","157.5","737.802"
"2009","苗栗縣","水稻","硬秈稻(在來)","30","129.15"
"2009","新竹縣","水稻","硬秈稻(在來)","5","24.5"
"2009","桃園縣","水稻","硬秈稻(在來)","45.13","147.916"
"2009","宜蘭縣","水稻","硬秈稻(在來)","0","0"
"2009","台北縣","水稻","硬秈稻(在來)","0","0"
"2009","高雄市","水稻","稉稻(蓬萊)","63.83","374.449"
"2009","台北市","水稻","稉稻(蓬萊)","505.41","1777.097"
"2009","台南市","水稻","稉稻(蓬萊)","182.39","799.994"
"2009","嘉義市","水稻","稉稻(蓬萊)","909.47","4456.023"
"2009","台中市","水稻","稉稻(蓬萊)","1687.78","9368.638"
"2009","新竹市","水稻","稉稻(蓬萊)","1291.67","5490.8"
"2009","基隆市","水稻","稉稻(蓬萊)","0","0"
"2009","澎湖縣","水稻","稉稻(蓬萊)","0","0"
"2009","花蓮縣","水稻","稉稻(蓬萊)","13579.18","53221.957"
"2009","台東縣","水稻","稉稻(蓬萊)","12189.69","50832.944"
"2009","屏東縣","水稻","稉稻(蓬萊)","5920.7","31997.624"
"2009","高雄縣","水稻","稉稻(蓬萊)","4177.7","21237.598"
"2009","台南縣","水稻","稉稻(蓬萊)","19362.37","97349.783"
"2009","嘉義縣","水稻","稉稻(蓬萊)","29639.97","144946.749"
"2009","雲林縣","水稻","稉稻(蓬萊)","37056.08","213627.781"
"2009","南投縣","水稻","稉稻(蓬萊)","4524.76","23329.3"
"2009","彰化縣","水稻","稉稻(蓬萊)","30664.9","162527.387"
"2009","台中縣","水稻","稉稻(蓬萊)","25903.15","129769.542"
"2009","苗栗縣","水稻","稉稻(蓬萊)","11005.81","51655.015"
"2009","新竹縣","水稻","稉稻(蓬萊)","6891.29","33087.557"
"2009","桃園縣","水稻","稉稻(蓬萊)","10886.57","43978.091"
"2009","宜蘭縣","水稻","稉稻(蓬萊)","8253.11","43304.279"
"2009","台北縣","水稻","稉稻(蓬萊)","216.23","856.886"
"2008","高雄市","水稻","秈糯稻(長糯)","0","0"
"2008","台北市","水稻","秈糯稻(長糯)","0","0"
"2008","台南市","水稻","秈糯稻(長糯)","49.58","257.435"
"2008","嘉義市","水稻","秈糯稻(長糯)","23","108.687"
"2008","台中市","水稻","秈糯稻(長糯)","0","0"
"2008","新竹市","水稻","秈糯稻(長糯)","0","0"
"2008","基隆市","水稻","秈糯稻(長糯)","0","0"
"2008","澎湖縣","水稻","秈糯稻(長糯)","0","0"
"2008","花蓮縣","水稻","秈糯稻(長糯)","31.74","138.686"
"2008","台東縣","水稻","秈糯稻(長糯)","35","135.6"
"2008","屏東縣","水稻","秈糯稻(長糯)","114.04","612.252"
"2008","高雄縣","水稻","秈糯稻(長糯)","263","1442.735"
"2008","台南縣","水稻","秈糯稻(長糯)","1373.54","7806.933"
"2008","嘉義縣","水稻","秈糯稻(長糯)","203.06","905.179"
"2008","雲林縣","水稻","秈糯稻(長糯)","1632","9529.625"
"2008","南投縣","水稻","秈糯稻(長糯)","46.12","165.419"
"2008","彰化縣","水稻","秈糯稻(長糯)","3947.34","18339.724"
"2008","台中縣","水稻","秈糯稻(長糯)","13","59.082"
"2008","苗栗縣","水稻","秈糯稻(長糯)","4.67","15.38"
"2008","新竹縣","水稻","秈糯稻(長糯)","0","0"
"2008","桃園縣","水稻","秈糯稻(長糯)","0","0"
"2008","宜蘭縣","水稻","秈糯稻(長糯)","5","26.016"
"2008","台北縣","水稻","秈糯稻(長糯)","0","0"
"2008","高雄市","水稻","稉糯稻(圓糯)","0","0"
"2008","台北市","水稻","稉糯稻(圓糯)","0","0"
"2008","台南市","水稻","稉糯稻(圓糯)","6","31.183"
"2008","嘉義市","水稻","稉糯稻(圓糯)","64","282.065"
"2008","台中市","水稻","稉糯稻(圓糯)","6","25.26"
"2008","新竹市","水稻","稉糯稻(圓糯)","0","0"
"2008","基隆市","水稻","稉糯稻(圓糯)","0","0"
"2008","澎湖縣","水稻","稉糯稻(圓糯)","0","0"
"2008","花蓮縣","水稻","稉糯稻(圓糯)","232.44","1080.91"
"2008","台東縣","水稻","稉糯稻(圓糯)","271.8","1197.711"
"2008","屏東縣","水稻","稉糯稻(圓糯)","0","0"
"2008","高雄縣","水稻","稉糯稻(圓糯)","14.6","69.364"
"2008","台南縣","水稻","稉糯稻(圓糯)","880.82","4706.51"
"2008","嘉義縣","水稻","稉糯稻(圓糯)","475.85","1992.706"
"2008","雲林縣","水稻","稉糯稻(圓糯)","2587","12243.787"
"2008","南投縣","水稻","稉糯稻(圓糯)","38.3","181.173"
"2008","彰化縣","水稻","稉糯稻(圓糯)","359.07","1596.213"
"2008","台中縣","水稻","稉糯稻(圓糯)","276.1","1054.98"
"2008","苗栗縣","水稻","稉糯稻(圓糯)","27.08","92.042"
"2008","新竹縣","水稻","稉糯稻(圓糯)","0","0"
"2008","桃園縣","水稻","稉糯稻(圓糯)","2","6.773"
"2008","宜蘭縣","水稻","稉糯稻(圓糯)","156.5","823.952"
"2008","台北縣","水稻","稉糯稻(圓糯)","0.9","4.154"
"2008","高雄市","水稻","軟秈稻(秈稻)","0","0"
"2008","台北市","水稻","軟秈稻(秈稻)","0","0"
"2008","台南市","水稻","軟秈稻(秈稻)","225","901.486"
"2008","嘉義市","水稻","軟秈稻(秈稻)","0","0"
"2008","台中市","水稻","軟秈稻(秈稻)","0","0"
"2008","新竹市","水稻","軟秈稻(秈稻)","0","0"
"2008","基隆市","水稻","軟秈稻(秈稻)","0","0"
"2008","澎湖縣","水稻","軟秈稻(秈稻)","0","0"
"2008","花蓮縣","水稻","軟秈稻(秈稻)","70","323.505"
"2008","台東縣","水稻","軟秈稻(秈稻)","0","0"
"2008","屏東縣","水稻","軟秈稻(秈稻)","0","0"
"2008","高雄縣","水稻","軟秈稻(秈稻)","43.8","215.031"
"2008","台南縣","水稻","軟秈稻(秈稻)","462.42","2111.134"
"2008","嘉義縣","水稻","軟秈稻(秈稻)","50","271.52"
"2008","雲林縣","水稻","軟秈稻(秈稻)","203","1094.02"
"2008","南投縣","水稻","軟秈稻(秈稻)","114.23","587.707"
"2008","彰化縣","水稻","軟秈稻(秈稻)","11802.74","56779.883"
"2008","台中縣","水稻","軟秈稻(秈稻)","156.4","648.672"
"2008","苗栗縣","水稻","軟秈稻(秈稻)","10.93","38.573"
"2008","新竹縣","水稻","軟秈稻(秈稻)","0","0"
"2008","桃園縣","水稻","軟秈稻(秈稻)","21","91.002"
"2008","宜蘭縣","水稻","軟秈稻(秈稻)","701.5","3702.809"
"2008","台北縣","水稻","軟秈稻(秈稻)","0.7","2.919"
"2008","高雄市","水稻","硬秈稻(在來)","0","0"
"2008","台北市","水稻","硬秈稻(在來)","0","0"
"2008","台南市","水稻","硬秈稻(在來)","15.25","66.022"
"2008","嘉義市","水稻","硬秈稻(在來)","432.15","1854.912"
"2008","台中市","水稻","硬秈稻(在來)","0","0"
"2008","新竹市","水稻","硬秈稻(在來)","0","0"
"2008","基隆市","水稻","硬秈稻(在來)","0","0"
"2008","澎湖縣","水稻","硬秈稻(在來)","0","0"
"2008","花蓮縣","水稻","硬秈稻(在來)","38.48","171.895"
"2008","台東縣","水稻","硬秈稻(在來)","0","0"
"2008","屏東縣","水稻","硬秈稻(在來)","354.07","2025.526"
"2008","高雄縣","水稻","硬秈稻(在來)","57.75","265.871"
"2008","台南縣","水稻","硬秈稻(在來)","514.22","2835.96"
"2008","嘉義縣","水稻","硬秈稻(在來)","971.82","4290.685"
"2008","雲林縣","水稻","硬秈稻(在來)","666","3463.937"
"2008","南投縣","水稻","硬秈稻(在來)","47.93","255.379"
"2008","彰化縣","水稻","硬秈稻(在來)","111","486.021"
"2008","台中縣","水稻","硬秈稻(在來)","140.3","493.15"
"2008","苗栗縣","水稻","硬秈稻(在來)","32","119.2"
"2008","新竹縣","水稻","硬秈稻(在來)","10","45.4"
"2008","桃園縣","水稻","硬秈稻(在來)","60.1","215.171"
"2008","宜蘭縣","水稻","硬秈稻(在來)","0","0"
"2008","台北縣","水稻","硬秈稻(在來)","0","0"
"2008","高雄市","水稻","稉稻(蓬萊)","69.77","409.828"
"2008","台北市","水稻","稉稻(蓬萊)","509.44","1640.984"
"2008","台南市","水稻","稉稻(蓬萊)","120.56","578.091"
"2008","嘉義市","水稻","稉稻(蓬萊)","904.32","4251.607"
"2008","台中市","水稻","稉稻(蓬萊)","1910.42","7772.188"
"2008","新竹市","水稻","稉稻(蓬萊)","1228.59","5222.288"
"2008","基隆市","水稻","稉稻(蓬萊)","0","0"
"2008","澎湖縣","水稻","稉稻(蓬萊)","0","0"
"2008","花蓮縣","水稻","稉稻(蓬萊)","13553.95","62204.255"
"2008","台東縣","水稻","稉稻(蓬萊)","12125.93","53527.332"
"2008","屏東縣","水稻","稉稻(蓬萊)","5567.04","30148.807"
"2008","高雄縣","水稻","稉稻(蓬萊)","4318.47","22345.318"
"2008","台南縣","水稻","稉稻(蓬萊)","18623.83","90272.488"
"2008","嘉義縣","水稻","稉稻(蓬萊)","29218.76","136544.497"
"2008","雲林縣","水稻","稉稻(蓬萊)","36608.8","193156.23"
"2008","南投縣","水稻","稉稻(蓬萊)","4523.69","21478.926"
"2008","彰化縣","水稻","稉稻(蓬萊)","29547.14","141616.362"
"2008","台中縣","水稻","稉稻(蓬萊)","26838.49","105362.203"
"2008","苗栗縣","水稻","稉稻(蓬萊)","11108.98","43296.428"
"2008","新竹縣","水稻","稉稻(蓬萊)","6583.35","27735.059"
"2008","桃園縣","水稻","稉稻(蓬萊)","9937.41","37639.658"
"2008","宜蘭縣","水稻","稉稻(蓬萊)","8322.68","43752.092"
"2008","台北縣","水稻","稉稻(蓬萊)","209.79","912.521"
"2007","高雄市","水稻","秈糯稻(長糯)","0","0"
"2007","台北市","水稻","秈糯稻(長糯)","0","0"
"2007","台南市","水稻","秈糯稻(長糯)","59","310.934"
"2007","嘉義市","水稻","秈糯稻(長糯)","15","60.17"
"2007","台中市","水稻","秈糯稻(長糯)","0","0"
"2007","新竹市","水稻","秈糯稻(長糯)","0","0"
"2007","基隆市","水稻","秈糯稻(長糯)","0","0"
"2007","澎湖縣","水稻","秈糯稻(長糯)","0","0"
"2007","花蓮縣","水稻","秈糯稻(長糯)","23","99.796"
"2007","台東縣","水稻","秈糯稻(長糯)","50","163.5"
"2007","屏東縣","水稻","秈糯稻(長糯)","96.22","509.321"
"2007","高雄縣","水稻","秈糯稻(長糯)","323","1500.877"
"2007","台南縣","水稻","秈糯稻(長糯)","1201.45","5808.731"
"2007","嘉義縣","水稻","秈糯稻(長糯)","203.1","829.063"
"2007","雲林縣","水稻","秈糯稻(長糯)","2088.4","8748.947"
"2007","南投縣","水稻","秈糯稻(長糯)","51.01","169.601"
"2007","彰化縣","水稻","秈糯稻(長糯)","4573.72","18443.497"
"2007","台中縣","水稻","秈糯稻(長糯)","26.5","124.032"
"2007","苗栗縣","水稻","秈糯稻(長糯)","3.7","10.853"
"2007","新竹縣","水稻","秈糯稻(長糯)","0","0"
"2007","桃園縣","水稻","秈糯稻(長糯)","0","0"
"2007","宜蘭縣","水稻","秈糯稻(長糯)","0","0"
"2007","台北縣","水稻","秈糯稻(長糯)","0","0"
"2007","高雄市","水稻","稉糯稻(圓糯)","0","0"
"2007","台北市","水稻","稉糯稻(圓糯)","0","0"
"2007","台南市","水稻","稉糯稻(圓糯)","3","13.931"
"2007","嘉義市","水稻","稉糯稻(圓糯)","62","249.926"
"2007","台中市","水稻","稉糯稻(圓糯)","5.37","19.511"
"2007","新竹市","水稻","稉糯稻(圓糯)","0","0"
"2007","基隆市","水稻","稉糯稻(圓糯)","0","0"
"2007","澎湖縣","水稻","稉糯稻(圓糯)","0","0"
"2007","花蓮縣","水稻","稉糯稻(圓糯)","221.6","925.791"
"2007","台東縣","水稻","稉糯稻(圓糯)","318.5","1134.33"
"2007","屏東縣","水稻","稉糯稻(圓糯)","16","90.121"
"2007","高雄縣","水稻","稉糯稻(圓糯)","13.6","55.24"
"2007","台南縣","水稻","稉糯稻(圓糯)","922.1","3923.351"
"2007","嘉義縣","水稻","稉糯稻(圓糯)","547.79","2289.522"
"2007","雲林縣","水稻","稉糯稻(圓糯)","2583","10041.485"
"2007","南投縣","水稻","稉糯稻(圓糯)","68.24","291.904"
"2007","彰化縣","水稻","稉糯稻(圓糯)","500.53","2050.079"
"2007","台中縣","水稻","稉糯稻(圓糯)","276.8","1059.831"
"2007","苗栗縣","水稻","稉糯稻(圓糯)","29.44","89.378"
"2007","新竹縣","水稻","稉糯稻(圓糯)","1","3.76"
"2007","桃園縣","水稻","稉糯稻(圓糯)","14","53.508"
"2007","宜蘭縣","水稻","稉糯稻(圓糯)","150","783.095"
"2007","台北縣","水稻","稉糯稻(圓糯)","0.1","0.45"
"2007","高雄市","水稻","軟秈稻(秈稻)","0","0"
"2007","台北市","水稻","軟秈稻(秈稻)","0","0"
"2007","台南市","水稻","軟秈稻(秈稻)","208.6","878.711"
"2007","嘉義市","水稻","軟秈稻(秈稻)","0","0"
"2007","台中市","水稻","軟秈稻(秈稻)","0","0"
"2007","新竹市","水稻","軟秈稻(秈稻)","0","0"
"2007","基隆市","水稻","軟秈稻(秈稻)","0","0"
"2007","澎湖縣","水稻","軟秈稻(秈稻)","0","0"
"2007","花蓮縣","水稻","軟秈稻(秈稻)","30","126.15"
"2007","台東縣","水稻","軟秈稻(秈稻)","0","0"
"2007","屏東縣","水稻","軟秈稻(秈稻)","0","0"
"2007","高雄縣","水稻","軟秈稻(秈稻)","55.8","228.932"
"2007","台南縣","水稻","軟秈稻(秈稻)","1032.83","4611.509"
"2007","嘉義縣","水稻","軟秈稻(秈稻)","100","395.904"
"2007","雲林縣","水稻","軟秈稻(秈稻)","446.6","1840.264"
"2007","南投縣","水稻","軟秈稻(秈稻)","112.01","572.694"
"2007","彰化縣","水稻","軟秈稻(秈稻)","12913.18","53417.086"
"2007","台中縣","水稻","軟秈稻(秈稻)","243.2","1114.728"
"2007","苗栗縣","水稻","軟秈稻(秈稻)","10.3","33.243"
"2007","新竹縣","水稻","軟秈稻(秈稻)","0","0"
"2007","桃園縣","水稻","軟秈稻(秈稻)","21.5","76.268"
"2007","宜蘭縣","水稻","軟秈稻(秈稻)","668.15","3499.421"
"2007","台北縣","水稻","軟秈稻(秈稻)","0","0"
"2007","高雄市","水稻","硬秈稻(在來)","0","0"
"2007","台北市","水稻","硬秈稻(在來)","0","0"
"2007","台南市","水稻","硬秈稻(在來)","11","46.165"
"2007","嘉義市","水稻","硬秈稻(在來)","424","1684.533"
"2007","台中市","水稻","硬秈稻(在來)","0","0"
"2007","新竹市","水稻","硬秈稻(在來)","0","0"
"2007","基隆市","水稻","硬秈稻(在來)","0","0"
"2007","澎湖縣","水稻","硬秈稻(在來)","0","0"
"2007","花蓮縣","水稻","硬秈稻(在來)","24","99.324"
"2007","台東縣","水稻","硬秈稻(在來)","1.4","5.459"
"2007","屏東縣","水稻","硬秈稻(在來)","314.23","1750.98"
"2007","高雄縣","水稻","硬秈稻(在來)","47.77","185.97"
"2007","台南縣","水稻","硬秈稻(在來)","200.28","793.557"
"2007","嘉義縣","水稻","硬秈稻(在來)","999.78","4230.89"
"2007","雲林縣","水稻","硬秈稻(在來)","665","2723.363"
"2007","南投縣","水稻","硬秈稻(在來)","67.25","293.827"
"2007","彰化縣","水稻","硬秈稻(在來)","507.53","2338.098"
"2007","台中縣","水稻","硬秈稻(在來)","120.9","430.417"
"2007","苗栗縣","水稻","硬秈稻(在來)","23.1","68.753"
"2007","新竹縣","水稻","硬秈稻(在來)","0","0"
"2007","桃園縣","水稻","硬秈稻(在來)","40","174.546"
"2007","宜蘭縣","水稻","硬秈稻(在來)","0","0"
"2007","台北縣","水稻","硬秈稻(在來)","0","0"
"2007","高雄市","水稻","稉稻(蓬萊)","82.51","444.254"
"2007","台北市","水稻","稉稻(蓬萊)","515.82","1583.129"
"2007","台南市","水稻","稉稻(蓬萊)","148.34","726.107"
"2007","嘉義市","水稻","稉稻(蓬萊)","994.96","4221.89"
"2007","台中市","水稻","稉稻(蓬萊)","1969.77","7861.655"
"2007","新竹市","水稻","稉稻(蓬萊)","1359.82","5965.011"
"2007","基隆市","水稻","稉稻(蓬萊)","0","0"
"2007","澎湖縣","水稻","稉稻(蓬萊)","0","0"
"2007","花蓮縣","水稻","稉稻(蓬萊)","13371.94","54763.258"
"2007","台東縣","水稻","稉稻(蓬萊)","12005.27","44781.864"
"2007","屏東縣","水稻","稉稻(蓬萊)","5770.78","29428.342"
"2007","高雄縣","水稻","稉稻(蓬萊)","4319.58","20924.13"
"2007","台南縣","水稻","稉稻(蓬萊)","19837.17","88909.813"
"2007","嘉義縣","水稻","稉稻(蓬萊)","30094.3","129276.446"
"2007","雲林縣","水稻","稉稻(蓬萊)","36766.64","161231.822"
"2007","南投縣","水稻","稉稻(蓬萊)","4388.19","17874.852"
"2007","彰化縣","水稻","稉稻(蓬萊)","29770.66","125696.931"
"2007","台中縣","水稻","稉稻(蓬萊)","27082.64","102891.088"
"2007","苗栗縣","水稻","稉稻(蓬萊)","11706.03","46279.079"
"2007","新竹縣","水稻","稉稻(蓬萊)","6692.57","28489.605"
"2007","桃園縣","水稻","稉稻(蓬萊)","10708.78","39904.476"
"2007","宜蘭縣","水稻","稉稻(蓬萊)","8557.18","44526.202"
"2007","台北縣","水稻","稉稻(蓬萊)","235.39","1007.257"
"2006","高雄市","水稻","秈糯稻(長糯)","0","0"
"2006","台北市","水稻","秈糯稻(長糯)","0","0"
"2006","台南市","水稻","秈糯稻(長糯)","57","269.212"
"2006","嘉義市","水稻","秈糯稻(長糯)","3","14.63"
"2006","台中市","水稻","秈糯稻(長糯)","0","0"
"2006","新竹市","水稻","秈糯稻(長糯)","0","0"
"2006","基隆市","水稻","秈糯稻(長糯)","0","0"
"2006","澎湖縣","水稻","秈糯稻(長糯)","0","0"
"2006","花蓮縣","水稻","秈糯稻(長糯)","37","166.498"
"2006","台東縣","水稻","秈糯稻(長糯)","55","260.135"
"2006","屏東縣","水稻","秈糯稻(長糯)","87.02","445.465"
"2006","高雄縣","水稻","秈糯稻(長糯)","155.5","687.276"
"2006","台南縣","水稻","秈糯稻(長糯)","1142.48","6134.87"
"2006","嘉義縣","水稻","秈糯稻(長糯)","58.6","272.484"
"2006","雲林縣","水稻","秈糯稻(長糯)","2886","14664.185"
"2006","南投縣","水稻","秈糯稻(長糯)","23","107.591"
"2006","彰化縣","水稻","秈糯稻(長糯)","4616.84","22374.829"
"2006","台中縣","水稻","秈糯稻(長糯)","18.8","92.383"
"2006","苗栗縣","水稻","秈糯稻(長糯)","7","28.04"
"2006","新竹縣","水稻","秈糯稻(長糯)","0","0"
"2006","桃園縣","水稻","秈糯稻(長糯)","0","0"
"2006","宜蘭縣","水稻","秈糯稻(長糯)","0","0"
"2006","台北縣","水稻","秈糯稻(長糯)","1.05","4.549"
"2006","高雄市","水稻","?糯稻(圓糯)","0","0"
"2006","台北市","水稻","?糯稻(圓糯)","0","0"
"2006","台南市","水稻","?糯稻(圓糯)","2","8.309"
"2006","嘉義市","水稻","?糯稻(圓糯)","26","125.267"
"2006","台中市","水稻","?糯稻(圓糯)","8.9","42.301"
"2006","新竹市","水稻","?糯稻(圓糯)","0","0"
"2006","基隆市","水稻","?糯稻(圓糯)","0","0"
"2006","澎湖縣","水稻","稉糯稻(圓糯)","0","0"
"2006","花蓮縣","水稻","稉糯稻(圓糯)","252.3","1122.5"
"2006","台東縣","水稻","稉糯稻(圓糯)","303.99","1422.092"
"2006","屏東縣","水稻","稉糯稻(圓糯)","34","191.994"
"2006","高雄縣","水稻","稉糯稻(圓糯)","0.5","1.474"
"2006","台南縣","水稻","稉糯稻(圓糯)","1092.97","4568.425"
"2006","嘉義縣","水稻","稉糯稻(圓糯)","655.9","3199.972"
"2006","雲林縣","水稻","稉糯稻(圓糯)","4108","20674.083"
"2006","南投縣","水稻","稉糯稻(圓糯)","114.11","582.713"
"2006","彰化縣","水稻","稉糯稻(圓糯)","630.21","3298.136"
"2006","台中縣","水稻","稉糯稻(圓糯)","350.31","1571.611"
"2006","苗栗縣","水稻","稉糯稻(圓糯)","60","242.75"
"2006","新竹縣","水稻","稉糯稻(圓糯)","1","3.858"
"2006","桃園縣","水稻","稉糯稻(圓糯)","15.58","62.499"
"2006","宜蘭縣","水稻","稉糯稻(圓糯)","71.3","324.058"
"2006","台北縣","水稻","稉糯稻(圓糯)","0","0"
"2006","高雄市","水稻","軟秈稻(秈稻)","",""
"2006","台北市","水稻","軟秈稻(秈稻)","",""
"2006","台南市","水稻","軟秈稻(秈稻)","227.8","855.849"
"2006","嘉義市","水稻","軟秈稻(秈稻)","25","102.221"
"2006","台中市","水稻","軟秈稻(秈稻)","",""
"2006","新竹市","水稻","軟秈稻(秈稻)","",""
"2006","基隆市","水稻","軟秈稻(秈稻)","",""
"2006","澎湖縣","水稻","軟秈稻(秈稻)","",""
"2006","花蓮縣","水稻","軟秈稻(秈稻)","20","89.96"
"2006","台東縣","水稻","軟秈稻(秈稻)","",""
"2006","屏東縣","水稻","軟秈稻(秈稻)","",""
"2006","高雄縣","水稻","軟秈稻(秈稻)","63.34","246.61"
"2006","台南縣","水稻","軟秈稻(秈稻)","1216.03","5971.725"
"2006","嘉義縣","水稻","軟秈稻(秈稻)","50","257.63"
"2006","雲林縣","水稻","軟秈稻(秈稻)","426","2219.777"
"2006","南投縣","水稻","軟秈稻(秈稻)","298.86","1481.121"
"2006","彰化縣","水稻","軟秈稻(秈稻)","13117.51","66860.966"
"2006","台中縣","水稻","軟秈稻(秈稻)","290.9","1367.931"
"2006","苗栗縣","水稻","軟秈稻(秈稻)","56.1","229.984"
"2006","新竹縣","水稻","軟秈稻(秈稻)","",""
"2006","桃園縣","水稻","軟秈稻(秈稻)","25","99.156"
"2006","宜蘭縣","水稻","軟秈稻(秈稻)","397.76","1844.117"
"2006","台北縣","水稻","軟秈稻(秈稻)","",""
"2006","高雄市","水稻","硬秈稻(在來)","",""
"2006","台北市","水稻","硬秈稻(在來)","",""
"2006","台南市","水稻","硬秈稻(在來)","15","60.667"
"2006","嘉義市","水稻","硬秈稻(在來)","473","2205.048"
"2006","台中市","水稻","硬秈稻(在來)","",""
"2006","新竹市","水稻","硬秈稻(在來)","",""
"2006","基隆市","水稻","硬秈稻(在來)","",""
"2006","澎湖縣","水稻","硬秈稻(在來)","",""
"2006","花蓮縣","水稻","硬秈稻(在來)","31","137.825"
"2006","台東縣","水稻","硬秈稻(在來)","",""
"2006","屏東縣","水稻","硬秈稻(在來)","255.03","1466.089"
"2006","高雄縣","水稻","硬秈稻(在來)","29","130.241"
"2006","台南縣","水稻","硬秈稻(在來)","222.76","929.617"
"2006","嘉義縣","水稻","硬秈稻(在來)","947.39","4578.855"
"2006","雲林縣","水稻","硬秈稻(在來)","968","4932.987"
"2006","南投縣","水稻","硬秈稻(在來)","1","4.789"
"2006","彰化縣","水稻","硬秈稻(在來)","667.5","3346.871"
"2006","台中縣","水稻","硬秈稻(在來)","165.4","748.358"
"2006","苗栗縣","水稻","硬秈稻(在來)","56","231.32"
"2006","新竹縣","水稻","硬秈稻(在來)","",""
"2006","桃園縣","水稻","硬秈稻(在來)","10.2","43.31"
"2006","宜蘭縣","水稻","硬秈稻(在來)","",""
"2006","台北縣","水稻","硬秈稻(在來)","",""
"2006","高雄市","水稻","稉稻(蓬萊)","86.96","465.221"
"2006","台北市","水稻","稉稻(蓬萊)","478.71","1668.362"
"2006","台南市","水稻","稉稻(蓬萊)","297.75","1243.888"
"2006","嘉義市","水稻","稉稻(蓬萊)","1092","5184.095"
"2006","台中市","水稻","稉稻(蓬萊)","2028.8","8960.685"
"2006","新竹市","水稻","稉稻(蓬萊)","1059.38","4455.36"
"2006","基隆市","水稻","稉稻(蓬萊)","0","0"
"2006","澎湖縣","水稻","稉稻(蓬萊)","0","0"
"2006","花蓮縣","水稻","稉稻(蓬萊)","13238.64","58299.084"
"2006","台東縣","水稻","稉稻(蓬萊)","11942.64","55548.5"
"2006","屏東縣","水稻","稉稻(蓬萊)","6256.16","32645.384"
"2006","高雄縣","水稻","稉稻(蓬萊)","4675.35","22450.546"
"2006","台南縣","水稻","稉稻(蓬萊)","20822.87","101475.663"
"2006","嘉義縣","水稻","稉稻(蓬萊)","30522.32","147788.352"
"2006","雲林縣","水稻","稉稻(蓬萊)","35566.35","182513.773"
"2006","南投縣","水稻","稉稻(蓬萊)","4220.82","21266.302"
"2006","彰化縣","水稻","稉稻(蓬萊)","29192.1","152299.986"
"2006","台中縣","水稻","稉稻(蓬萊)","27387.39","121074.912"
"2006","苗栗縣","水稻","稉稻(蓬萊)","11615.88","49388.838"
"2006","新竹縣","水稻","稉稻(蓬萊)","5665.87","24497.096"
"2006","桃園縣","水稻","稉稻(蓬萊)","10747.66","43337.257"
"2006","宜蘭縣","水稻","稉稻(蓬萊)","9120.05","42827.024"
"2006","台北縣","水稻","稉稻(蓬萊)","233.05","983.71"
"2005","高雄市","水稻","秈糯稻(長糯)","0","0"
"2005","台北市","水稻","秈糯稻(長糯)","0","0"
"2005","台南市","水稻","秈糯稻(長糯)","59","302.758"
"2005","嘉義市","水稻","秈糯稻(長糯)","30","125.787"
"2005","台中市","水稻","秈糯稻(長糯)","0","0"
"2005","新竹市","水稻","秈糯稻(長糯)","0","0"
"2005","基隆市","水稻","秈糯稻(長糯)","0","0"
"2005","澎湖縣","水稻","秈糯稻(長糯)","0","0"
"2005","花蓮縣","水稻","秈糯稻(長糯)","35.5","157.798"
"2005","台東縣","水稻","秈糯稻(長糯)","60","267.2"
"2005","屏東縣","水稻","秈糯稻(長糯)","127.75","627.52"
"2005","高雄縣","水稻","秈糯稻(長糯)","206.65","870.196"
"2005","台南縣","水稻","秈糯稻(長糯)","1329.71","6286.488"
"2005","嘉義縣","水稻","秈糯稻(長糯)","65.3","320.592"
"2005","雲林縣","水稻","秈糯稻(長糯)","2812.2","13074.418"
"2005","南投縣","水稻","秈糯稻(長糯)","19.86","71.799"
"2005","彰化縣","水稻","秈糯稻(長糯)","4593.7","16335.766"
"2005","台中縣","水稻","秈糯稻(長糯)","29","135.907"
"2005","苗栗縣","水稻","秈糯稻(長糯)","5","14.85"
"2005","新竹縣","水稻","秈糯稻(長糯)","0","0"
"2005","桃園縣","水稻","秈糯稻(長糯)","0","0"
"2005","宜蘭縣","水稻","秈糯稻(長糯)","0","0"
"2005","台北縣","水稻","秈糯稻(長糯)","1.15","4.733"
"2005","高雄市","水稻","稉糯稻(圓糯)","0","0"
"2005","台北市","水稻","稉糯稻(圓糯)","0","0"
"2005","台南市","水稻","稉糯稻(圓糯)","2","8.538"
"2005","嘉義市","水稻","稉糯稻(圓糯)","88","381.607"
"2005","台中市","水稻","稉糯稻(圓糯)","11.1","46.808"
"2005","新竹市","水稻","稉糯稻(圓糯)","0","0"
"2005","基隆市","水稻","稉糯稻(圓糯)","0","0"
"2005","澎湖縣","水稻","稉糯稻(圓糯)","0","0"
"2005","花蓮縣","水稻","稉糯稻(圓糯)","289.79","1266.169"
"2005","台東縣","水稻","稉糯稻(圓糯)","319.06","1531.197"
"2005","屏東縣","水稻","稉糯稻(圓糯)","30","170.009"
"2005","高雄縣","水稻","稉糯稻(圓糯)","0.1","0.441"
"2005","台南縣","水稻","稉糯稻(圓糯)","1134.56","4975.386"
"2005","嘉義縣","水稻","稉糯稻(圓糯)","371.2","1685.37"
"2005","雲林縣","水稻","稉糯稻(圓糯)","3175.7","14763.723"
"2005","南投縣","水稻","稉糯稻(圓糯)","29.31","124.229"
"2005","彰化縣","水稻","稉糯稻(圓糯)","461.73","1987.204"
"2005","台中縣","水稻","稉糯稻(圓糯)","384.7","1634.424"
"2005","苗栗縣","水稻","稉糯稻(圓糯)","58","207.15"
"2005","新竹縣","水稻","稉糯稻(圓糯)","11.05","46.064"
"2005","桃園縣","水稻","稉糯稻(圓糯)","16.2","57.123"
"2005","宜蘭縣","水稻","稉糯稻(圓糯)","93","457.244"
"2005","台北縣","水稻","稉糯稻(圓糯)","0.1","0.416"
"2005","高雄市","水稻","軟秈稻(秈稻)","",""
"2005","台北市","水稻","軟秈稻(秈稻)","",""
"2005","台南市","水稻","軟秈稻(秈稻)","248.71","863.613"
"2005","嘉義市","水稻","軟秈稻(秈稻)","",""
"2005","台中市","水稻","軟秈稻(秈稻)","",""
"2005","新竹市","水稻","軟秈稻(秈稻)","",""
"2005","基隆市","水稻","軟秈稻(秈稻)","",""
"2005","澎湖縣","水稻","軟秈稻(秈稻)","",""
"2005","花蓮縣","水稻","軟秈稻(秈稻)","63","290.26"
"2005","台東縣","水稻","軟秈稻(秈稻)","",""
"2005","屏東縣","水稻","軟秈稻(秈稻)","",""
"2005","高雄縣","水稻","軟秈稻(秈稻)","44.65","178.648"
"2005","台南縣","水稻","軟秈稻(秈稻)","1105.17","5132.742"
"2005","嘉義縣","水稻","軟秈稻(秈稻)","",""
"2005","雲林縣","水稻","軟秈稻(秈稻)","652.8","2958.259"
"2005","南投縣","水稻","軟秈稻(秈稻)","304.82","1507.347"
"2005","彰化縣","水稻","軟秈稻(秈稻)","13139.94","53067.423"
"2005","台中縣","水稻","軟秈稻(秈稻)","308","1526.099"
"2005","苗栗縣","水稻","軟秈稻(秈稻)","60.7","239.545"
"2005","新竹縣","水稻","軟秈稻(秈稻)","",""
"2005","桃園縣","水稻","軟秈稻(秈稻)","23","86.166"
"2005","宜蘭縣","水稻","軟秈稻(秈稻)","504","2476.018"
"2005","台北縣","水稻","軟秈稻(秈稻)","0.2","0.822"
"2005","高雄市","水稻","硬秈稻(在來)","",""
"2005","台北市","水稻","硬秈稻(在來)","",""
"2005","台南市","水稻","硬秈稻(在來)","17","66.711"
"2005","嘉義市","水稻","硬秈稻(在來)","610.82","2864.475"
"2005","台中市","水稻","硬秈稻(在來)","",""
"2005","新竹市","水稻","硬秈稻(在來)","",""
"2005","基隆市","水稻","硬秈稻(在來)","",""
"2005","澎湖縣","水稻","硬秈稻(在來)","",""
"2005","花蓮縣","水稻","硬秈稻(在來)","71.51","307.692"
"2005","台東縣","水稻","硬秈稻(在來)","",""
"2005","屏東縣","水稻","硬秈稻(在來)","227.2","1260.502"
"2005","高雄縣","水稻","硬秈稻(在來)","43.65","169.631"
"2005","台南縣","水稻","硬秈稻(在來)","321.18","1411.964"
"2005","嘉義縣","水稻","硬秈稻(在來)","1064.48","5063.073"
"2005","雲林縣","水稻","硬秈稻(在來)","1077.1","5156.446"
"2005","南投縣","水稻","硬秈稻(在來)","84.95","284.421"
"2005","彰化縣","水稻","硬秈稻(在來)","942.63","3764.224"
"2005","台中縣","水稻","硬秈稻(在來)","117.4","528.255"
"2005","苗栗縣","水稻","硬秈稻(在來)","36","113.7"
"2005","新竹縣","水稻","硬秈稻(在來)","",""
"2005","桃園縣","水稻","硬秈稻(在來)","5","16.256"
"2005","宜蘭縣","水稻","硬秈稻(在來)","",""
"2005","台北縣","水稻","硬秈稻(在來)","",""
"2005","高雄市","水稻","稉稻(蓬萊)","116.94","591.409"
"2005","台北市","水稻","稉稻(蓬萊)","519.95","1457.391"
"2005","台南市","水稻","稉稻(蓬萊)","323.73","1249.443"
"2005","嘉義市","水稻","稉稻(蓬萊)","821.25","3762.969"
"2005","台中市","水稻","稉稻(蓬萊)","2135.21","9227.515"
"2005","新竹市","水稻","稉稻(蓬萊)","1367.76","6199.745"
"2005","基隆市","水稻","稉稻(蓬萊)","0","0"
"2005","澎湖縣","水稻","稉稻(蓬萊)","0","0"
"2005","花蓮縣","水稻","稉稻(蓬萊)","12636.49","55452.255"
"2005","台東縣","水稻","稉稻(蓬萊)","11699.23","54704.775"
"2005","屏東縣","水稻","稉稻(蓬萊)","7171.29","35810.002"
"2005","高雄縣","水稻","稉稻(蓬萊)","5508.74","25493.044"
"2005","台南縣","水稻","稉稻(蓬萊)","20128.78","91851.496"
"2005","嘉義縣","水稻","稉稻(蓬萊)","30111.89","140472.793"
"2005","雲林縣","水稻","稉稻(蓬萊)","35837.82","172336.858"
"2005","南投縣","水稻","稉稻(蓬萊)","4383.94","19401.095"
"2005","彰化縣","水稻","稉稻(蓬萊)","29921.32","135914.905"
"2005","台中縣","水稻","稉稻(蓬萊)","28286.07","108825.198"
"2005","苗栗縣","水稻","稉稻(蓬萊)","12412.27","48879.11"
"2005","新竹縣","水稻","稉稻(蓬萊)","7044.89","27296.183"
"2005","桃園縣","水稻","稉稻(蓬萊)","12347.72","45971.848"
"2005","宜蘭縣","水稻","稉稻(蓬萊)","8995.46","44142.755"
"2005","台北縣","水稻","稉稻(蓬萊)","304.81","1218.763"

